Using cuda device
Logging to /home/zjl/mappo/artifacts/uav_energy_delivery_v3_formal_20260816_004619/tensorboard/SAC_1
---------------------------------
| rollout/           |          |
|    success_rate    | 1        |
| time/              |          |
|    episodes        | 4        |
|    fps             | 133      |
|    time_elapsed    | 97       |
|    total_timesteps | 13064    |
| train/             |          |
|    actor_loss      | -105     |
|    critic_loss     | 1.45     |
|    ent_coef        | 0.118    |
|    ent_coef_loss   | -3.31    |
|    learning_rate   | 0.0003   |
|    n_updates       | 8056     |
---------------------------------
---------------------------------
| rollout/           |          |
|    success_rate    | 1        |
| time/              |          |
|    episodes        | 8        |
|    fps             | 123      |
|    time_elapsed    | 124      |
|    total_timesteps | 15424    |
| train/             |          |
|    actor_loss      | -136     |
|    critic_loss     | 1.36     |
|    ent_coef        | 0.0822   |
|    ent_coef_loss   | -0.605   |
|    learning_rate   | 0.0003   |
|    n_updates       | 10416    |
---------------------------------
---------------------------------
| rollout/           |          |
|    success_rate    | 1        |
| time/              |          |
|    episodes        | 12       |
|    fps             | 112      |
|    time_elapsed    | 169      |
|    total_timesteps | 19120    |
| train/             |          |
|    actor_loss      | -182     |
|    critic_loss     | 1.17     |
|    ent_coef        | 0.0643   |
|    ent_coef_loss   | 0.137    |
|    learning_rate   | 0.0003   |
|    n_updates       | 14112    |
---------------------------------
---------------------------------
| rollout/           |          |
|    success_rate    | 1        |
| time/              |          |
|    episodes        | 16       |
|    fps             | 104      |
|    time_elapsed    | 213      |
|    total_timesteps | 22312    |
| train/             |          |
|    actor_loss      | -208     |
|    critic_loss     | 1.38     |
|    ent_coef        | 0.0544   |
|    ent_coef_loss   | 0.372    |
|    learning_rate   | 0.0003   |
|    n_updates       | 17304    |
---------------------------------
---------------------------------
| rollout/           |          |
|    success_rate    | 1        |
| time/              |          |
|    episodes        | 20       |
|    fps             | 100      |
|    time_elapsed    | 253      |
|    total_timesteps | 25480    |
| train/             |          |
|    actor_loss      | -230     |
|    critic_loss     | 1.98     |
|    ent_coef        | 0.0588   |
|    ent_coef_loss   | 0.155    |
|    learning_rate   | 0.0003   |
|    n_updates       | 20472    |
---------------------------------
---------------------------------
| rollout/           |          |
|    success_rate    | 1        |
| time/              |          |
|    episodes        | 24       |
|    fps             | 98       |
|    time_elapsed    | 290      |
|    total_timesteps | 28624    |
| train/             |          |
|    actor_loss      | -246     |
|    critic_loss     | 1.14     |
|    ent_coef        | 0.065    |
|    ent_coef_loss   | 0.0826   |
|    learning_rate   | 0.0003   |
|    n_updates       | 23616    |
---------------------------------
---------------------------------
| rollout/           |          |
|    success_rate    | 1        |
| time/              |          |
|    episodes        | 28       |
|    fps             | 97       |
|    time_elapsed    | 309      |
|    total_timesteps | 30304    |
| train/             |          |
|    actor_loss      | -253     |
|    critic_loss     | 1.89     |
|    ent_coef        | 0.0671   |
|    ent_coef_loss   | -0.589   |
|    learning_rate   | 0.0003   |
|    n_updates       | 25296    |
---------------------------------
---------------------------------
| rollout/           |          |
|    success_rate    | 1        |
| time/              |          |
|    episodes        | 32       |
|    fps             | 95       |
|    time_elapsed    | 352      |
|    total_timesteps | 33664    |
| train/             |          |
|    actor_loss      | -272     |
|    critic_loss     | 1.92     |
|    ent_coef        | 0.0588   |
|    ent_coef_loss   | -0.202   |
|    learning_rate   | 0.0003   |
|    n_updates       | 28656    |
---------------------------------
---------------------------------
| rollout/           |          |
|    success_rate    | 1        |
| time/              |          |
|    episodes        | 36       |
|    fps             | 93       |
|    time_elapsed    | 394      |
|    total_timesteps | 36848    |
| train/             |          |
|    actor_loss      | -281     |
|    critic_loss     | 2.23     |
|    ent_coef        | 0.0615   |
|    ent_coef_loss   | 0.257    |
|    learning_rate   | 0.0003   |
|    n_updates       | 31840    |
---------------------------------
---------------------------------
| rollout/           |          |
|    success_rate    | 1        |
| time/              |          |
|    episodes        | 40       |
|    fps             | 93       |
|    time_elapsed    | 409      |
|    total_timesteps | 38400    |
| train/             |          |
|    actor_loss      | -284     |
|    critic_loss     | 2.65     |
|    ent_coef        | 0.0596   |
|    ent_coef_loss   | 0.0248   |
|    learning_rate   | 0.0003   |
|    n_updates       | 33392    |
---------------------------------
---------------------------------
| rollout/           |          |
|    success_rate    | 1        |
| time/              |          |
|    episodes        | 44       |
|    fps             | 93       |
|    time_elapsed    | 451      |
|    total_timesteps | 42328    |
| train/             |          |
|    actor_loss      | -290     |
|    critic_loss     | 2.84     |
|    ent_coef        | 0.0608   |
|    ent_coef_loss   | -0.231   |
|    learning_rate   | 0.0003   |
|    n_updates       | 37320    |
---------------------------------
---------------------------------
| rollout/           |          |
|    success_rate    | 1        |
| time/              |          |
|    episodes        | 48       |
|    fps             | 93       |
|    time_elapsed    | 480      |
|    total_timesteps | 45024    |
| train/             |          |
|    actor_loss      | -286     |
|    critic_loss     | 2.86     |
|    ent_coef        | 0.0601   |
|    ent_coef_loss   | 0.305    |
|    learning_rate   | 0.0003   |
|    n_updates       | 40016    |
---------------------------------
---------------------------------
| rollout/           |          |
|    success_rate    | 1        |
| time/              |          |
|    episodes        | 52       |
|    fps             | 20       |
|    time_elapsed    | 2480     |
|    total_timesteps | 51960    |
| train/             |          |
|    actor_loss      | -282     |
|    critic_loss     | 4.46     |
|    ent_coef        | 0.0737   |
|    ent_coef_loss   | 0.233    |
|    learning_rate   | 0.0003   |
|    n_updates       | 46952    |
---------------------------------
---------------------------------
| rollout/           |          |
|    success_rate    | 1        |
| time/              |          |
|    episodes        | 56       |
|    fps             | 21       |
|    time_elapsed    | 2492     |
|    total_timesteps | 53088    |
| train/             |          |
|    actor_loss      | -282     |
|    critic_loss     | 4.36     |
|    ent_coef        | 0.0705   |
|    ent_coef_loss   | -0.538   |
|    learning_rate   | 0.0003   |
|    n_updates       | 48080    |
---------------------------------
---------------------------------
| rollout/           |          |
|    success_rate    | 1        |
| time/              |          |
|    episodes        | 60       |
|    fps             | 22       |
|    time_elapsed    | 2517     |
|    total_timesteps | 55552    |
| train/             |          |
|    actor_loss      | -280     |
|    critic_loss     | 3.03     |
|    ent_coef        | 0.0645   |
|    ent_coef_loss   | 0.62     |
|    learning_rate   | 0.0003   |
|    n_updates       | 50544    |
---------------------------------
---------------------------------
| rollout/           |          |
|    success_rate    | 1        |
| time/              |          |
|    episodes        | 64       |
|    fps             | 23       |
|    time_elapsed    | 2566     |
|    total_timesteps | 60016    |
| train/             |          |
|    actor_loss      | -281     |
|    critic_loss     | 3.06     |
|    ent_coef        | 0.0682   |
|    ent_coef_loss   | -0.231   |
|    learning_rate   | 0.0003   |
|    n_updates       | 55008    |
---------------------------------
---------------------------------
| rollout/           |          |
|    success_rate    | 1        |
| time/              |          |
|    episodes        | 68       |
|    fps             | 24       |
|    time_elapsed    | 2597     |
|    total_timesteps | 62608    |
| train/             |          |
|    actor_loss      | -280     |
|    critic_loss     | 9.41     |
|    ent_coef        | 0.0702   |
|    ent_coef_loss   | -0.241   |
|    learning_rate   | 0.0003   |
|    n_updates       | 57600    |
---------------------------------
---------------------------------
| rollout/           |          |
|    success_rate    | 1        |
| time/              |          |
|    episodes        | 72       |
|    fps             | 25       |
|    time_elapsed    | 2648     |
|    total_timesteps | 67608    |
| train/             |          |
|    actor_loss      | -275     |
|    critic_loss     | 20.3     |
|    ent_coef        | 0.0713   |
|    ent_coef_loss   | 0.149    |
|    learning_rate   | 0.0003   |
|    n_updates       | 62600    |
---------------------------------
---------------------------------
| rollout/           |          |
|    success_rate    | 1        |
| time/              |          |
|    episodes        | 76       |
|    fps             | 26       |
|    time_elapsed    | 2687     |
|    total_timesteps | 71128    |
| train/             |          |
|    actor_loss      | -276     |
|    critic_loss     | 5.04     |
|    ent_coef        | 0.0651   |
|    ent_coef_loss   | 0.167    |
|    learning_rate   | 0.0003   |
|    n_updates       | 66120    |
---------------------------------
---------------------------------
| rollout/           |          |
|    success_rate    | 1        |
| time/              |          |
|    episodes        | 80       |
|    fps             | 27       |
|    time_elapsed    | 2734     |
|    total_timesteps | 75624    |
| train/             |          |
|    actor_loss      | -278     |
|    critic_loss     | 7.89     |
|    ent_coef        | 0.0619   |
|    ent_coef_loss   | 0.0226   |
|    learning_rate   | 0.0003   |
|    n_updates       | 70616    |
---------------------------------
---------------------------------
| rollout/           |          |
|    success_rate    | 1        |
| time/              |          |
|    episodes        | 84       |
|    fps             | 28       |
|    time_elapsed    | 2775     |
|    total_timesteps | 79312    |
| train/             |          |
|    actor_loss      | -281     |
|    critic_loss     | 8.66     |
|    ent_coef        | 0.0652   |
|    ent_coef_loss   | -0.13    |
|    learning_rate   | 0.0003   |
|    n_updates       | 74304    |
---------------------------------
---------------------------------
| rollout/           |          |
|    success_rate    | 1        |
| time/              |          |
|    episodes        | 88       |
|    fps             | 29       |
|    time_elapsed    | 2807     |
|    total_timesteps | 82280    |
| train/             |          |
|    actor_loss      | -278     |
|    critic_loss     | 5.57     |
|    ent_coef        | 0.0639   |
|    ent_coef_loss   | 0.15     |
|    learning_rate   | 0.0003   |
|    n_updates       | 77272    |
---------------------------------
---------------------------------
| rollout/           |          |
|    success_rate    | 1        |
| time/              |          |
|    episodes        | 92       |
|    fps             | 29       |
|    time_elapsed    | 2821     |
|    total_timesteps | 83736    |
| train/             |          |
|    actor_loss      | -276     |
|    critic_loss     | 7.65     |
|    ent_coef        | 0.066    |
|    ent_coef_loss   | 0.211    |
|    learning_rate   | 0.0003   |
|    n_updates       | 78728    |
---------------------------------
---------------------------------
| rollout/           |          |
|    success_rate    | 1        |
| time/              |          |
|    episodes        | 96       |
|    fps             | 30       |
|    time_elapsed    | 2843     |
|    total_timesteps | 85664    |
| train/             |          |
|    actor_loss      | -279     |
|    critic_loss     | 8.08     |
|    ent_coef        | 0.0638   |
|    ent_coef_loss   | -0.521   |
|    learning_rate   | 0.0003   |
|    n_updates       | 80656    |
---------------------------------
---------------------------------
| rollout/           |          |
|    success_rate    | 1        |
| time/              |          |
|    episodes        | 100      |
|    fps             | 30       |
|    time_elapsed    | 2879     |
|    total_timesteps | 89128    |
| train/             |          |
|    actor_loss      | -281     |
|    critic_loss     | 5.14     |
|    ent_coef        | 0.0603   |
|    ent_coef_loss   | -0.518   |
|    learning_rate   | 0.0003   |
|    n_updates       | 84120    |
---------------------------------
---------------------------------
| rollout/           |          |
|    success_rate    | 1        |
| time/              |          |
|    episodes        | 104      |
|    fps             | 31       |
|    time_elapsed    | 2906     |
|    total_timesteps | 91768    |
| train/             |          |
|    actor_loss      | -280     |
|    critic_loss     | 4.73     |
|    ent_coef        | 0.0602   |
|    ent_coef_loss   | 0.282    |
|    learning_rate   | 0.0003   |
|    n_updates       | 86760    |
---------------------------------
---------------------------------
| rollout/           |          |
|    success_rate    | 1        |
| time/              |          |
|    episodes        | 108      |
|    fps             | 31       |
|    time_elapsed    | 2920     |
|    total_timesteps | 93072    |
| train/             |          |
|    actor_loss      | -288     |
|    critic_loss     | 5.81     |
|    ent_coef        | 0.0611   |
|    ent_coef_loss   | -0.0641  |
|    learning_rate   | 0.0003   |
|    n_updates       | 88064    |
---------------------------------
---------------------------------
| rollout/           |          |
|    success_rate    | 1        |
| time/              |          |
|    episodes        | 112      |
|    fps             | 32       |
|    time_elapsed    | 2936     |
|    total_timesteps | 94632    |
| train/             |          |
|    actor_loss      | -284     |
|    critic_loss     | 4.27     |
|    ent_coef        | 0.0603   |
|    ent_coef_loss   | 0.476    |
|    learning_rate   | 0.0003   |
|    n_updates       | 89624    |
---------------------------------
---------------------------------
| rollout/           |          |
|    success_rate    | 1        |
| time/              |          |
|    episodes        | 116      |
|    fps             | 32       |
|    time_elapsed    | 2969     |
|    total_timesteps | 97672    |
| train/             |          |
|    actor_loss      | -286     |
|    critic_loss     | 4.93     |
|    ent_coef        | 0.0562   |
|    ent_coef_loss   | -0.379   |
|    learning_rate   | 0.0003   |
|    n_updates       | 92664    |
---------------------------------
---------------------------------
| rollout/           |          |
|    success_rate    | 1        |
| time/              |          |
|    episodes        | 120      |
|    fps             | 33       |
|    time_elapsed    | 2992     |
|    total_timesteps | 99760    |
| train/             |          |
|    actor_loss      | -287     |
|    critic_loss     | 4.14     |
|    ent_coef        | 0.0558   |
|    ent_coef_loss   | 0.455    |
|    learning_rate   | 0.0003   |
|    n_updates       | 94752    |
---------------------------------
---------------------------------
| rollout/           |          |
|    success_rate    | 1        |
| time/              |          |
|    episodes        | 124      |
|    fps             | 30       |
|    time_elapsed    | 3395     |
|    total_timesteps | 102536   |
| train/             |          |
|    actor_loss      | -288     |
|    critic_loss     | 3.39     |
|    ent_coef        | 0.0502   |
|    ent_coef_loss   | -0.229   |
|    learning_rate   | 0.0003   |
|    n_updates       | 97528    |
---------------------------------
---------------------------------
| rollout/           |          |
|    success_rate    | 1        |
| time/              |          |
|    episodes        | 128      |
|    fps             | 30       |
|    time_elapsed    | 3416     |
|    total_timesteps | 104464   |
| train/             |          |
|    actor_loss      | -282     |
|    critic_loss     | 2.71     |
|    ent_coef        | 0.0469   |
|    ent_coef_loss   | 0.15     |
|    learning_rate   | 0.0003   |
|    n_updates       | 99456    |
---------------------------------
---------------------------------
| rollout/           |          |
|    success_rate    | 1        |
| time/              |          |
|    episodes        | 132      |
|    fps             | 31       |
|    time_elapsed    | 3446     |
|    total_timesteps | 107208   |
| train/             |          |
|    actor_loss      | -285     |
|    critic_loss     | 2.56     |
|    ent_coef        | 0.0473   |
|    ent_coef_loss   | -0.0766  |
|    learning_rate   | 0.0003   |
|    n_updates       | 102200   |
---------------------------------
---------------------------------
| rollout/           |          |
|    success_rate    | 1        |
| time/              |          |
|    episodes        | 136      |
|    fps             | 31       |
|    time_elapsed    | 3460     |
|    total_timesteps | 108624   |
| train/             |          |
|    actor_loss      | -291     |
|    critic_loss     | 3.42     |
|    ent_coef        | 0.0464   |
|    ent_coef_loss   | 0.0728   |
|    learning_rate   | 0.0003   |
|    n_updates       | 103616   |
---------------------------------
---------------------------------
| rollout/           |          |
|    success_rate    | 1        |
| time/              |          |
|    episodes        | 140      |
|    fps             | 32       |
|    time_elapsed    | 3495     |
|    total_timesteps | 111864   |
| train/             |          |
|    actor_loss      | -292     |
|    critic_loss     | 2.51     |
|    ent_coef        | 0.0451   |
|    ent_coef_loss   | -0.201   |
|    learning_rate   | 0.0003   |
|    n_updates       | 106856   |
---------------------------------
---------------------------------
| rollout/           |          |
|    success_rate    | 1        |
| time/              |          |
|    episodes        | 144      |
|    fps             | 32       |
|    time_elapsed    | 3515     |
|    total_timesteps | 113672   |
| train/             |          |
|    actor_loss      | -295     |
|    critic_loss     | 2.01     |
|    ent_coef        | 0.045    |
|    ent_coef_loss   | -0.0903  |
|    learning_rate   | 0.0003   |
|    n_updates       | 108664   |
---------------------------------
---------------------------------
| rollout/           |          |
|    success_rate    | 1        |
| time/              |          |
|    episodes        | 148      |
|    fps             | 32       |
|    time_elapsed    | 3545     |
|    total_timesteps | 116408   |
| train/             |          |
|    actor_loss      | -291     |
|    critic_loss     | 2.15     |
|    ent_coef        | 0.0449   |
|    ent_coef_loss   | -0.28    |
|    learning_rate   | 0.0003   |
|    n_updates       | 111400   |
---------------------------------
---------------------------------
| rollout/           |          |
|    success_rate    | 1        |
| time/              |          |
|    episodes        | 152      |
|    fps             | 33       |
|    time_elapsed    | 3559     |
|    total_timesteps | 117896   |
| train/             |          |
|    actor_loss      | -288     |
|    critic_loss     | 2.67     |
|    ent_coef        | 0.0446   |
|    ent_coef_loss   | 0.00517  |
|    learning_rate   | 0.0003   |
|    n_updates       | 112888   |
---------------------------------
---------------------------------
| rollout/           |          |
|    success_rate    | 1        |
| time/              |          |
|    episodes        | 156      |
|    fps             | 33       |
|    time_elapsed    | 3588     |
|    total_timesteps | 120448   |
| train/             |          |
|    actor_loss      | -295     |
|    critic_loss     | 3.04     |
|    ent_coef        | 0.0443   |
|    ent_coef_loss   | -0.599   |
|    learning_rate   | 0.0003   |
|    n_updates       | 115440   |
---------------------------------
---------------------------------
| rollout/           |          |
|    success_rate    | 1        |
| time/              |          |
|    episodes        | 160      |
|    fps             | 33       |
|    time_elapsed    | 3608     |
|    total_timesteps | 122176   |
| train/             |          |
|    actor_loss      | -291     |
|    critic_loss     | 2.97     |
|    ent_coef        | 0.0443   |
|    ent_coef_loss   | -0.105   |
|    learning_rate   | 0.0003   |
|    n_updates       | 117168   |
---------------------------------
---------------------------------
| rollout/           |          |
|    success_rate    | 1        |
| time/              |          |
|    episodes        | 164      |
|    fps             | 34       |
|    time_elapsed    | 3628     |
|    total_timesteps | 123944   |
| train/             |          |
|    actor_loss      | -288     |
|    critic_loss     | 1.54     |
|    ent_coef        | 0.0423   |
|    ent_coef_loss   | -0.21    |
|    learning_rate   | 0.0003   |
|    n_updates       | 118936   |
---------------------------------
---------------------------------
| rollout/           |          |
|    success_rate    | 1        |
| time/              |          |
|    episodes        | 168      |
|    fps             | 34       |
|    time_elapsed    | 3672     |
|    total_timesteps | 127792   |
| train/             |          |
|    actor_loss      | -298     |
|    critic_loss     | 1.32     |
|    ent_coef        | 0.0427   |
|    ent_coef_loss   | 0.158    |
|    learning_rate   | 0.0003   |
|    n_updates       | 122784   |
---------------------------------
---------------------------------
| rollout/           |          |
|    success_rate    | 1        |
| time/              |          |
|    episodes        | 172      |
|    fps             | 34       |
|    time_elapsed    | 3688     |
|    total_timesteps | 129064   |
| train/             |          |
|    actor_loss      | -300     |
|    critic_loss     | 1.61     |
|    ent_coef        | 0.0425   |
|    ent_coef_loss   | 0.248    |
|    learning_rate   | 0.0003   |
|    n_updates       | 124056   |
---------------------------------
---------------------------------
| rollout/           |          |
|    success_rate    | 1        |
| time/              |          |
|    episodes        | 176      |
|    fps             | 35       |
|    time_elapsed    | 3732     |
|    total_timesteps | 132728   |
| train/             |          |
|    actor_loss      | -296     |
|    critic_loss     | 1.34     |
|    ent_coef        | 0.0419   |
|    ent_coef_loss   | 0.00358  |
|    learning_rate   | 0.0003   |
|    n_updates       | 127720   |
---------------------------------
---------------------------------
| rollout/           |          |
|    success_rate    | 1        |
| time/              |          |
|    episodes        | 180      |
|    fps             | 35       |
|    time_elapsed    | 3761     |
|    total_timesteps | 135208   |
| train/             |          |
|    actor_loss      | -294     |
|    critic_loss     | 1.71     |
|    ent_coef        | 0.0428   |
|    ent_coef_loss   | 0.0407   |
|    learning_rate   | 0.0003   |
|    n_updates       | 130200   |
---------------------------------
---------------------------------
| rollout/           |          |
|    success_rate    | 1        |
| time/              |          |
|    episodes        | 184      |
|    fps             | 36       |
|    time_elapsed    | 3780     |
|    total_timesteps | 137048   |
| train/             |          |
|    actor_loss      | -300     |
|    critic_loss     | 1.22     |
|    ent_coef        | 0.0426   |
|    ent_coef_loss   | -0.205   |
|    learning_rate   | 0.0003   |
|    n_updates       | 132040   |
---------------------------------
---------------------------------
| rollout/           |          |
|    success_rate    | 1        |
| time/              |          |
|    episodes        | 188      |
|    fps             | 36       |
|    time_elapsed    | 3813     |
|    total_timesteps | 140168   |
| train/             |          |
|    actor_loss      | -295     |
|    critic_loss     | 1.51     |
|    ent_coef        | 0.0404   |
|    ent_coef_loss   | -0.368   |
|    learning_rate   | 0.0003   |
|    n_updates       | 135160   |
---------------------------------
---------------------------------
| rollout/           |          |
|    success_rate    | 1        |
| time/              |          |
|    episodes        | 192      |
|    fps             | 37       |
|    time_elapsed    | 3831     |
|    total_timesteps | 141928   |
| train/             |          |
|    actor_loss      | -300     |
|    critic_loss     | 1.24     |
|    ent_coef        | 0.0386   |
|    ent_coef_loss   | -0.0799  |
|    learning_rate   | 0.0003   |
|    n_updates       | 136920   |
---------------------------------
---------------------------------
| rollout/           |          |
|    success_rate    | 1        |
| time/              |          |
|    episodes        | 196      |
|    fps             | 37       |
|    time_elapsed    | 3866     |
|    total_timesteps | 145160   |
| train/             |          |
|    actor_loss      | -299     |
|    critic_loss     | 2.25     |
|    ent_coef        | 0.0386   |
|    ent_coef_loss   | 0.00148  |
|    learning_rate   | 0.0003   |
|    n_updates       | 140152   |
---------------------------------
---------------------------------
| rollout/           |          |
|    success_rate    | 1        |
| time/              |          |
|    episodes        | 200      |
|    fps             | 37       |
|    time_elapsed    | 3881     |
|    total_timesteps | 146560   |
| train/             |          |
|    actor_loss      | -298     |
|    critic_loss     | 1.87     |
|    ent_coef        | 0.038    |
|    ent_coef_loss   | -0.241   |
|    learning_rate   | 0.0003   |
|    n_updates       | 141552   |
---------------------------------
---------------------------------
| rollout/           |          |
|    success_rate    | 1        |
| time/              |          |
|    episodes        | 204      |
|    fps             | 38       |
|    time_elapsed    | 3912     |
|    total_timesteps | 149024   |
| train/             |          |
|    actor_loss      | -298     |
|    critic_loss     | 1.2      |
|    ent_coef        | 0.0384   |
|    ent_coef_loss   | -0.068   |
|    learning_rate   | 0.0003   |
|    n_updates       | 144016   |
---------------------------------
---------------------------------
| rollout/           |          |
|    success_rate    | 1        |
| time/              |          |
|    episodes        | 208      |
|    fps             | 38       |
|    time_elapsed    | 3920     |
|    total_timesteps | 149808   |
| train/             |          |
|    actor_loss      | -300     |
|    critic_loss     | 2.14     |
|    ent_coef        | 0.0376   |
|    ent_coef_loss   | -0.0606  |
|    learning_rate   | 0.0003   |
|    n_updates       | 144800   |
---------------------------------
---------------------------------
| rollout/           |          |
|    success_rate    | 1        |
| time/              |          |
|    episodes        | 212      |
|    fps             | 35       |
|    time_elapsed    | 4324     |
|    total_timesteps | 152456   |
| train/             |          |
|    actor_loss      | -300     |
|    critic_loss     | 1.4      |
|    ent_coef        | 0.0369   |
|    ent_coef_loss   | -0.998   |
|    learning_rate   | 0.0003   |
|    n_updates       | 147448   |
---------------------------------
---------------------------------
| rollout/           |          |
|    success_rate    | 1        |
| time/              |          |
|    episodes        | 216      |
|    fps             | 35       |
|    time_elapsed    | 4343     |
|    total_timesteps | 153856   |
| train/             |          |
|    actor_loss      | -299     |
|    critic_loss     | 1.2      |
|    ent_coef        | 0.0366   |
|    ent_coef_loss   | 0.17     |
|    learning_rate   | 0.0003   |
|    n_updates       | 148848   |
---------------------------------
---------------------------------
| rollout/           |          |
|    success_rate    | 1        |
| time/              |          |
|    episodes        | 220      |
|    fps             | 35       |
|    time_elapsed    | 4379     |
|    total_timesteps | 156896   |
| train/             |          |
|    actor_loss      | -300     |
|    critic_loss     | 1.19     |
|    ent_coef        | 0.0342   |
|    ent_coef_loss   | -0.34    |
|    learning_rate   | 0.0003   |
|    n_updates       | 151888   |
---------------------------------
---------------------------------
| rollout/           |          |
|    success_rate    | 1        |
| time/              |          |
|    episodes        | 224      |
|    fps             | 35       |
|    time_elapsed    | 4392     |
|    total_timesteps | 158080   |
| train/             |          |
|    actor_loss      | -298     |
|    critic_loss     | 1.25     |
|    ent_coef        | 0.0344   |
|    ent_coef_loss   | -0.0311  |
|    learning_rate   | 0.0003   |
|    n_updates       | 153072   |
---------------------------------
---------------------------------
| rollout/           |          |
|    success_rate    | 1        |
| time/              |          |
|    episodes        | 228      |
|    fps             | 36       |
|    time_elapsed    | 4414     |
|    total_timesteps | 160176   |
| train/             |          |
|    actor_loss      | -300     |
|    critic_loss     | 1.54     |
|    ent_coef        | 0.0334   |
|    ent_coef_loss   | -0.218   |
|    learning_rate   | 0.0003   |
|    n_updates       | 155168   |
---------------------------------
---------------------------------
| rollout/           |          |
|    success_rate    | 1        |
| time/              |          |
|    episodes        | 232      |
|    fps             | 36       |
|    time_elapsed    | 4438     |
|    total_timesteps | 162608   |
| train/             |          |
|    actor_loss      | -302     |
|    critic_loss     | 1.57     |
|    ent_coef        | 0.0331   |
|    ent_coef_loss   | -0.423   |
|    learning_rate   | 0.0003   |
|    n_updates       | 157600   |
---------------------------------
---------------------------------
| rollout/           |          |
|    success_rate    | 1        |
| time/              |          |
|    episodes        | 236      |
|    fps             | 37       |
|    time_elapsed    | 4474     |
|    total_timesteps | 166152   |
| train/             |          |
|    actor_loss      | -296     |
|    critic_loss     | 1.38     |
|    ent_coef        | 0.0315   |
|    ent_coef_loss   | -0.374   |
|    learning_rate   | 0.0003   |
|    n_updates       | 161144   |
---------------------------------
---------------------------------
| rollout/           |          |
|    success_rate    | 1        |
| time/              |          |
|    episodes        | 240      |
|    fps             | 37       |
|    time_elapsed    | 4485     |
|    total_timesteps | 167232   |
| train/             |          |
|    actor_loss      | -303     |
|    critic_loss     | 1.51     |
|    ent_coef        | 0.0306   |
|    ent_coef_loss   | 0.486    |
|    learning_rate   | 0.0003   |
|    n_updates       | 162224   |
---------------------------------
---------------------------------
| rollout/           |          |
|    success_rate    | 1        |
| time/              |          |
|    episodes        | 244      |
|    fps             | 37       |
|    time_elapsed    | 4524     |
|    total_timesteps | 170712   |
| train/             |          |
|    actor_loss      | -298     |
|    critic_loss     | 1.03     |
|    ent_coef        | 0.0309   |
|    ent_coef_loss   | 0.282    |
|    learning_rate   | 0.0003   |
|    n_updates       | 165704   |
---------------------------------
---------------------------------
| rollout/           |          |
|    success_rate    | 1        |
| time/              |          |
|    episodes        | 248      |
|    fps             | 38       |
|    time_elapsed    | 4545     |
|    total_timesteps | 172848   |
| train/             |          |
|    actor_loss      | -304     |
|    critic_loss     | 1.48     |
|    ent_coef        | 0.0309   |
|    ent_coef_loss   | -0.167   |
|    learning_rate   | 0.0003   |
|    n_updates       | 167840   |
---------------------------------
---------------------------------
| rollout/           |          |
|    success_rate    | 1        |
| time/              |          |
|    episodes        | 252      |
|    fps             | 38       |
|    time_elapsed    | 4555     |
|    total_timesteps | 173696   |
| train/             |          |
|    actor_loss      | -300     |
|    critic_loss     | 1.13     |
|    ent_coef        | 0.0307   |
|    ent_coef_loss   | 0.364    |
|    learning_rate   | 0.0003   |
|    n_updates       | 168688   |
---------------------------------
---------------------------------
| rollout/           |          |
|    success_rate    | 1        |
| time/              |          |
|    episodes        | 256      |
|    fps             | 38       |
|    time_elapsed    | 4588     |
|    total_timesteps | 176864   |
| train/             |          |
|    actor_loss      | -305     |
|    critic_loss     | 1.11     |
|    ent_coef        | 0.03     |
|    ent_coef_loss   | 0.000715 |
|    learning_rate   | 0.0003   |
|    n_updates       | 171856   |
---------------------------------
---------------------------------
| rollout/           |          |
|    success_rate    | 1        |
| time/              |          |
|    episodes        | 260      |
|    fps             | 38       |
|    time_elapsed    | 4608     |
|    total_timesteps | 178616   |
| train/             |          |
|    actor_loss      | -302     |
|    critic_loss     | 1.33     |
|    ent_coef        | 0.0301   |
|    ent_coef_loss   | -0.342   |
|    learning_rate   | 0.0003   |
|    n_updates       | 173608   |
---------------------------------
---------------------------------
| rollout/           |          |
|    success_rate    | 1        |
| time/              |          |
|    episodes        | 264      |
|    fps             | 39       |
|    time_elapsed    | 4635     |
|    total_timesteps | 180968   |
| train/             |          |
|    actor_loss      | -306     |
|    critic_loss     | 1.82     |
|    ent_coef        | 0.03     |
|    ent_coef_loss   | -0.143   |
|    learning_rate   | 0.0003   |
|    n_updates       | 175960   |
---------------------------------
---------------------------------
| rollout/           |          |
|    success_rate    | 1        |
| time/              |          |
|    episodes        | 268      |
|    fps             | 39       |
|    time_elapsed    | 4650     |
|    total_timesteps | 182248   |
| train/             |          |
|    actor_loss      | -308     |
|    critic_loss     | 1.11     |
|    ent_coef        | 0.0301   |
|    ent_coef_loss   | 0.334    |
|    learning_rate   | 0.0003   |
|    n_updates       | 177240   |
---------------------------------
---------------------------------
| rollout/           |          |
|    success_rate    | 1        |
| time/              |          |
|    episodes        | 272      |
|    fps             | 39       |
|    time_elapsed    | 4681     |
|    total_timesteps | 184968   |
| train/             |          |
|    actor_loss      | -305     |
|    critic_loss     | 1.3      |
|    ent_coef        | 0.0294   |
|    ent_coef_loss   | -0.743   |
|    learning_rate   | 0.0003   |
|    n_updates       | 179960   |
---------------------------------
---------------------------------
| rollout/           |          |
|    success_rate    | 1        |
| time/              |          |
|    episodes        | 276      |
|    fps             | 39       |
|    time_elapsed    | 4719     |
|    total_timesteps | 188136   |
| train/             |          |
|    actor_loss      | -306     |
|    critic_loss     | 0.948    |
|    ent_coef        | 0.0286   |
|    ent_coef_loss   | -0.166   |
|    learning_rate   | 0.0003   |
|    n_updates       | 183128   |
---------------------------------
---------------------------------
| rollout/           |          |
|    success_rate    | 1        |
| time/              |          |
|    episodes        | 280      |
|    fps             | 40       |
|    time_elapsed    | 4738     |
|    total_timesteps | 189600   |
| train/             |          |
|    actor_loss      | -306     |
|    critic_loss     | 1.64     |
|    ent_coef        | 0.0284   |
|    ent_coef_loss   | -0.233   |
|    learning_rate   | 0.0003   |
|    n_updates       | 184592   |
---------------------------------
---------------------------------
| rollout/           |          |
|    success_rate    | 1        |
| time/              |          |
|    episodes        | 284      |
|    fps             | 40       |
|    time_elapsed    | 4771     |
|    total_timesteps | 192352   |
| train/             |          |
|    actor_loss      | -305     |
|    critic_loss     | 1.05     |
|    ent_coef        | 0.0281   |
|    ent_coef_loss   | -0.603   |
|    learning_rate   | 0.0003   |
|    n_updates       | 187344   |
---------------------------------
---------------------------------
| rollout/           |          |
|    success_rate    | 1        |
| time/              |          |
|    episodes        | 288      |
|    fps             | 40       |
|    time_elapsed    | 4792     |
|    total_timesteps | 194320   |
| train/             |          |
|    actor_loss      | -302     |
|    critic_loss     | 1.15     |
|    ent_coef        | 0.028    |
|    ent_coef_loss   | 0.474    |
|    learning_rate   | 0.0003   |
|    n_updates       | 189312   |
---------------------------------
---------------------------------
| rollout/           |          |
|    success_rate    | 1        |
| time/              |          |
|    episodes        | 292      |
|    fps             | 40       |
|    time_elapsed    | 4806     |
|    total_timesteps | 195768   |
| train/             |          |
|    actor_loss      | -308     |
|    critic_loss     | 1.05     |
|    ent_coef        | 0.0265   |
|    ent_coef_loss   | 0.0274   |
|    learning_rate   | 0.0003   |
|    n_updates       | 190760   |
---------------------------------
---------------------------------
| rollout/           |          |
|    success_rate    | 1        |
| time/              |          |
|    episodes        | 296      |
|    fps             | 40       |
|    time_elapsed    | 4819     |
|    total_timesteps | 197000   |
| train/             |          |
|    actor_loss      | -304     |
|    critic_loss     | 0.928    |
|    ent_coef        | 0.0272   |
|    ent_coef_loss   | 0.452    |
|    learning_rate   | 0.0003   |
|    n_updates       | 191992   |
---------------------------------
---------------------------------
| rollout/           |          |
|    success_rate    | 1        |
| time/              |          |
|    episodes        | 300      |
|    fps             | 41       |
|    time_elapsed    | 4844     |
|    total_timesteps | 199392   |
| train/             |          |
|    actor_loss      | -304     |
|    critic_loss     | 0.947    |
|    ent_coef        | 0.0262   |
|    ent_coef_loss   | 0.0327   |
|    learning_rate   | 0.0003   |
|    n_updates       | 194384   |
---------------------------------
---------------------------------
| rollout/           |          |
|    success_rate    | 1        |
| time/              |          |
|    episodes        | 304      |
|    fps             | 38       |
|    time_elapsed    | 5222     |
|    total_timesteps | 200640   |
| train/             |          |
|    actor_loss      | -308     |
|    critic_loss     | 1.34     |
|    ent_coef        | 0.0258   |
|    ent_coef_loss   | -0.332   |
|    learning_rate   | 0.0003   |
|    n_updates       | 195632   |
---------------------------------
---------------------------------
| rollout/           |          |
|    success_rate    | 1        |
| time/              |          |
|    episodes        | 308      |
|    fps             | 38       |
|    time_elapsed    | 5244     |
|    total_timesteps | 202904   |
| train/             |          |
|    actor_loss      | -304     |
|    critic_loss     | 0.911    |
|    ent_coef        | 0.0257   |
|    ent_coef_loss   | -0.331   |
|    learning_rate   | 0.0003   |
|    n_updates       | 197896   |
---------------------------------
---------------------------------
| rollout/           |          |
|    success_rate    | 1        |
| time/              |          |
|    episodes        | 312      |
|    fps             | 38       |
|    time_elapsed    | 5274     |
|    total_timesteps | 205656   |
| train/             |          |
|    actor_loss      | -304     |
|    critic_loss     | 0.996    |
|    ent_coef        | 0.0249   |
|    ent_coef_loss   | 0.503    |
|    learning_rate   | 0.0003   |
|    n_updates       | 200648   |
---------------------------------
---------------------------------
| rollout/           |          |
|    success_rate    | 1        |
| time/              |          |
|    episodes        | 316      |
|    fps             | 39       |
|    time_elapsed    | 5291     |
|    total_timesteps | 207296   |
| train/             |          |
|    actor_loss      | -308     |
|    critic_loss     | 1.76     |
|    ent_coef        | 0.0245   |
|    ent_coef_loss   | 0.609    |
|    learning_rate   | 0.0003   |
|    n_updates       | 202288   |
---------------------------------
---------------------------------
| rollout/           |          |
|    success_rate    | 1        |
| time/              |          |
|    episodes        | 320      |
|    fps             | 39       |
|    time_elapsed    | 5302     |
|    total_timesteps | 208256   |
| train/             |          |
|    actor_loss      | -307     |
|    critic_loss     | 1.09     |
|    ent_coef        | 0.0249   |
|    ent_coef_loss   | -0.227   |
|    learning_rate   | 0.0003   |
|    n_updates       | 203248   |
---------------------------------
---------------------------------
| rollout/           |          |
|    success_rate    | 1        |
| time/              |          |
|    episodes        | 324      |
|    fps             | 39       |
|    time_elapsed    | 5327     |
|    total_timesteps | 210432   |
| train/             |          |
|    actor_loss      | -299     |
|    critic_loss     | 0.953    |
|    ent_coef        | 0.0247   |
|    ent_coef_loss   | -0.0817  |
|    learning_rate   | 0.0003   |
|    n_updates       | 205424   |
---------------------------------
---------------------------------
| rollout/           |          |
|    success_rate    | 1        |
| time/              |          |
|    episodes        | 328      |
|    fps             | 39       |
|    time_elapsed    | 5345     |
|    total_timesteps | 211912   |
| train/             |          |
|    actor_loss      | -306     |
|    critic_loss     | 0.787    |
|    ent_coef        | 0.025    |
|    ent_coef_loss   | 0.257    |
|    learning_rate   | 0.0003   |
|    n_updates       | 206904   |
---------------------------------
---------------------------------
| rollout/           |          |
|    success_rate    | 1        |
| time/              |          |
|    episodes        | 332      |
|    fps             | 39       |
|    time_elapsed    | 5379     |
|    total_timesteps | 215088   |
| train/             |          |
|    actor_loss      | -304     |
|    critic_loss     | 1.08     |
|    ent_coef        | 0.025    |
|    ent_coef_loss   | 0.793    |
|    learning_rate   | 0.0003   |
|    n_updates       | 210080   |
---------------------------------
---------------------------------
| rollout/           |          |
|    success_rate    | 1        |
| time/              |          |
|    episodes        | 336      |
|    fps             | 40       |
|    time_elapsed    | 5384     |
|    total_timesteps | 215784   |
| train/             |          |
|    actor_loss      | -312     |
|    critic_loss     | 1.32     |
|    ent_coef        | 0.0247   |
|    ent_coef_loss   | -0.35    |
|    learning_rate   | 0.0003   |
|    n_updates       | 210776   |
---------------------------------
---------------------------------
| rollout/           |          |
|    success_rate    | 1        |
| time/              |          |
|    episodes        | 340      |
|    fps             | 40       |
|    time_elapsed    | 5402     |
|    total_timesteps | 217360   |
| train/             |          |
|    actor_loss      | -306     |
|    critic_loss     | 0.746    |
|    ent_coef        | 0.0244   |
|    ent_coef_loss   | -0.0658  |
|    learning_rate   | 0.0003   |
|    n_updates       | 212352   |
---------------------------------
---------------------------------
| rollout/           |          |
|    success_rate    | 1        |
| time/              |          |
|    episodes        | 344      |
|    fps             | 40       |
|    time_elapsed    | 5433     |
|    total_timesteps | 220240   |
| train/             |          |
|    actor_loss      | -302     |
|    critic_loss     | 0.909    |
|    ent_coef        | 0.0252   |
|    ent_coef_loss   | 0.289    |
|    learning_rate   | 0.0003   |
|    n_updates       | 215232   |
---------------------------------
---------------------------------
| rollout/           |          |
|    success_rate    | 1        |
| time/              |          |
|    episodes        | 348      |
|    fps             | 40       |
|    time_elapsed    | 5452     |
|    total_timesteps | 222192   |
| train/             |          |
|    actor_loss      | -310     |
|    critic_loss     | 0.717    |
|    ent_coef        | 0.0257   |
|    ent_coef_loss   | -0.0673  |
|    learning_rate   | 0.0003   |
|    n_updates       | 217184   |
---------------------------------
---------------------------------
| rollout/           |          |
|    success_rate    | 1        |
| time/              |          |
|    episodes        | 352      |
|    fps             | 40       |
|    time_elapsed    | 5471     |
|    total_timesteps | 223840   |
| train/             |          |
|    actor_loss      | -304     |
|    critic_loss     | 1.19     |
|    ent_coef        | 0.0247   |
|    ent_coef_loss   | -0.216   |
|    learning_rate   | 0.0003   |
|    n_updates       | 218832   |
---------------------------------
---------------------------------
| rollout/           |          |
|    success_rate    | 1        |
| time/              |          |
|    episodes        | 356      |
|    fps             | 41       |
|    time_elapsed    | 5495     |
|    total_timesteps | 226080   |
| train/             |          |
|    actor_loss      | -306     |
|    critic_loss     | 0.951    |
|    ent_coef        | 0.0243   |
|    ent_coef_loss   | 0.146    |
|    learning_rate   | 0.0003   |
|    n_updates       | 221072   |
---------------------------------
---------------------------------
| rollout/           |          |
|    success_rate    | 1        |
| time/              |          |
|    episodes        | 360      |
|    fps             | 41       |
|    time_elapsed    | 5529     |
|    total_timesteps | 229272   |
| train/             |          |
|    actor_loss      | -311     |
|    critic_loss     | 0.714    |
|    ent_coef        | 0.0242   |
|    ent_coef_loss   | -0.456   |
|    learning_rate   | 0.0003   |
|    n_updates       | 224264   |
---------------------------------
---------------------------------
| rollout/           |          |
|    success_rate    | 1        |
| time/              |          |
|    episodes        | 364      |
|    fps             | 41       |
|    time_elapsed    | 5540     |
|    total_timesteps | 230456   |
| train/             |          |
|    actor_loss      | -311     |
|    critic_loss     | 0.824    |
|    ent_coef        | 0.0237   |
|    ent_coef_loss   | 0.077    |
|    learning_rate   | 0.0003   |
|    n_updates       | 225448   |
---------------------------------
---------------------------------
| rollout/           |          |
|    success_rate    | 1        |
| time/              |          |
|    episodes        | 368      |
|    fps             | 41       |
|    time_elapsed    | 5551     |
|    total_timesteps | 231384   |
| train/             |          |
|    actor_loss      | -304     |
|    critic_loss     | 0.896    |
|    ent_coef        | 0.0238   |
|    ent_coef_loss   | 0.0626   |
|    learning_rate   | 0.0003   |
|    n_updates       | 226376   |
---------------------------------
---------------------------------
| rollout/           |          |
|    success_rate    | 1        |
| time/              |          |
|    episodes        | 372      |
|    fps             | 41       |
|    time_elapsed    | 5578     |
|    total_timesteps | 233872   |
| train/             |          |
|    actor_loss      | -308     |
|    critic_loss     | 1.34     |
|    ent_coef        | 0.0231   |
|    ent_coef_loss   | 0.29     |
|    learning_rate   | 0.0003   |
|    n_updates       | 228864   |
---------------------------------
---------------------------------
| rollout/           |          |
|    success_rate    | 1        |
| time/              |          |
|    episodes        | 376      |
|    fps             | 42       |
|    time_elapsed    | 5604     |
|    total_timesteps | 236304   |
| train/             |          |
|    actor_loss      | -309     |
|    critic_loss     | 0.951    |
|    ent_coef        | 0.0227   |
|    ent_coef_loss   | 0.0842   |
|    learning_rate   | 0.0003   |
|    n_updates       | 231296   |
---------------------------------
---------------------------------
| rollout/           |          |
|    success_rate    | 1        |
| time/              |          |
|    episodes        | 380      |
|    fps             | 42       |
|    time_elapsed    | 5618     |
|    total_timesteps | 237616   |
| train/             |          |
|    actor_loss      | -309     |
|    critic_loss     | 0.799    |
|    ent_coef        | 0.0225   |
|    ent_coef_loss   | -0.334   |
|    learning_rate   | 0.0003   |
|    n_updates       | 232608   |
---------------------------------
---------------------------------
| rollout/           |          |
|    success_rate    | 1        |
| time/              |          |
|    episodes        | 384      |
|    fps             | 42       |
|    time_elapsed    | 5649     |
|    total_timesteps | 240544   |
| train/             |          |
|    actor_loss      | -308     |
|    critic_loss     | 0.737    |
|    ent_coef        | 0.0227   |
|    ent_coef_loss   | 0.152    |
|    learning_rate   | 0.0003   |
|    n_updates       | 235536   |
---------------------------------
---------------------------------
| rollout/           |          |
|    success_rate    | 1        |
| time/              |          |
|    episodes        | 388      |
|    fps             | 42       |
|    time_elapsed    | 5655     |
|    total_timesteps | 241144   |
| train/             |          |
|    actor_loss      | -310     |
|    critic_loss     | 0.805    |
|    ent_coef        | 0.0227   |
|    ent_coef_loss   | 0.00263  |
|    learning_rate   | 0.0003   |
|    n_updates       | 236136   |
---------------------------------
---------------------------------
| rollout/           |          |
|    success_rate    | 1        |
| time/              |          |
|    episodes        | 392      |
|    fps             | 42       |
|    time_elapsed    | 5673     |
|    total_timesteps | 242856   |
| train/             |          |
|    actor_loss      | -308     |
|    critic_loss     | 0.992    |
|    ent_coef        | 0.0229   |
|    ent_coef_loss   | -0.151   |
|    learning_rate   | 0.0003   |
|    n_updates       | 237848   |
---------------------------------
---------------------------------
| rollout/           |          |
|    success_rate    | 1        |
| time/              |          |
|    episodes        | 396      |
|    fps             | 43       |
|    time_elapsed    | 5707     |
|    total_timesteps | 246136   |
| train/             |          |
|    actor_loss      | -307     |
|    critic_loss     | 0.809    |
|    ent_coef        | 0.0229   |
|    ent_coef_loss   | 0.0991   |
|    learning_rate   | 0.0003   |
|    n_updates       | 241128   |
---------------------------------
---------------------------------
| rollout/           |          |
|    success_rate    | 1        |
| time/              |          |
|    episodes        | 400      |
|    fps             | 43       |
|    time_elapsed    | 5720     |
|    total_timesteps | 247568   |
| train/             |          |
|    actor_loss      | -304     |
|    critic_loss     | 0.778    |
|    ent_coef        | 0.023    |
|    ent_coef_loss   | -0.197   |
|    learning_rate   | 0.0003   |
|    n_updates       | 242560   |
---------------------------------
---------------------------------
| rollout/           |          |
|    success_rate    | 1        |
| time/              |          |
|    episodes        | 404      |
|    fps             | 43       |
|    time_elapsed    | 5731     |
|    total_timesteps | 248576   |
| train/             |          |
|    actor_loss      | -308     |
|    critic_loss     | 0.804    |
|    ent_coef        | 0.0227   |
|    ent_coef_loss   | -0.334   |
|    learning_rate   | 0.0003   |
|    n_updates       | 243568   |
---------------------------------
---------------------------------
| rollout/           |          |
|    success_rate    | 1        |
| time/              |          |
|    episodes        | 408      |
|    fps             | 41       |
|    time_elapsed    | 6117     |
|    total_timesteps | 251048   |
| train/             |          |
|    actor_loss      | -309     |
|    critic_loss     | 0.777    |
|    ent_coef        | 0.0228   |
|    ent_coef_loss   | 0.19     |
|    learning_rate   | 0.0003   |
|    n_updates       | 246040   |
---------------------------------
---------------------------------
| rollout/           |          |
|    success_rate    | 1        |
| time/              |          |
|    episodes        | 412      |
|    fps             | 41       |
|    time_elapsed    | 6140     |
|    total_timesteps | 253120   |
| train/             |          |
|    actor_loss      | -312     |
|    critic_loss     | 0.999    |
|    ent_coef        | 0.0225   |
|    ent_coef_loss   | -0.752   |
|    learning_rate   | 0.0003   |
|    n_updates       | 248112   |
---------------------------------
---------------------------------
| rollout/           |          |
|    success_rate    | 1        |
| time/              |          |
|    episodes        | 416      |
|    fps             | 41       |
|    time_elapsed    | 6177     |
|    total_timesteps | 256536   |
| train/             |          |
|    actor_loss      | -307     |
|    critic_loss     | 1.03     |
|    ent_coef        | 0.0227   |
|    ent_coef_loss   | 0.0788   |
|    learning_rate   | 0.0003   |
|    n_updates       | 251528   |
---------------------------------
---------------------------------
| rollout/           |          |
|    success_rate    | 1        |
| time/              |          |
|    episodes        | 420      |
|    fps             | 41       |
|    time_elapsed    | 6207     |
|    total_timesteps | 259208   |
| train/             |          |
|    actor_loss      | -310     |
|    critic_loss     | 0.889    |
|    ent_coef        | 0.0223   |
|    ent_coef_loss   | 0.0819   |
|    learning_rate   | 0.0003   |
|    n_updates       | 254200   |
---------------------------------
---------------------------------
| rollout/           |          |
|    success_rate    | 1        |
| time/              |          |
|    episodes        | 424      |
|    fps             | 41       |
|    time_elapsed    | 6225     |
|    total_timesteps | 260912   |
| train/             |          |
|    actor_loss      | -307     |
|    critic_loss     | 0.725    |
|    ent_coef        | 0.0223   |
|    ent_coef_loss   | 0.465    |
|    learning_rate   | 0.0003   |
|    n_updates       | 255904   |
---------------------------------
---------------------------------
| rollout/           |          |
|    success_rate    | 1        |
| time/              |          |
|    episodes        | 428      |
|    fps             | 42       |
|    time_elapsed    | 6243     |
|    total_timesteps | 262656   |
| train/             |          |
|    actor_loss      | -311     |
|    critic_loss     | 1.01     |
|    ent_coef        | 0.022    |
|    ent_coef_loss   | -0.273   |
|    learning_rate   | 0.0003   |
|    n_updates       | 257648   |
---------------------------------
---------------------------------
| rollout/           |          |
|    success_rate    | 1        |
| time/              |          |
|    episodes        | 432      |
|    fps             | 42       |
|    time_elapsed    | 6268     |
|    total_timesteps | 264856   |
| train/             |          |
|    actor_loss      | -314     |
|    critic_loss     | 0.759    |
|    ent_coef        | 0.022    |
|    ent_coef_loss   | -0.648   |
|    learning_rate   | 0.0003   |
|    n_updates       | 259848   |
---------------------------------
---------------------------------
| rollout/           |          |
|    success_rate    | 1        |
| time/              |          |
|    episodes        | 436      |
|    fps             | 42       |
|    time_elapsed    | 6292     |
|    total_timesteps | 267024   |
| train/             |          |
|    actor_loss      | -313     |
|    critic_loss     | 1.05     |
|    ent_coef        | 0.0216   |
|    ent_coef_loss   | 0.0419   |
|    learning_rate   | 0.0003   |
|    n_updates       | 262016   |
---------------------------------
---------------------------------
| rollout/           |          |
|    success_rate    | 1        |
| time/              |          |
|    episodes        | 440      |
|    fps             | 42       |
|    time_elapsed    | 6318     |
|    total_timesteps | 269352   |
| train/             |          |
|    actor_loss      | -313     |
|    critic_loss     | 0.807    |
|    ent_coef        | 0.0215   |
|    ent_coef_loss   | 0.192    |
|    learning_rate   | 0.0003   |
|    n_updates       | 264344   |
---------------------------------
---------------------------------
| rollout/           |          |
|    success_rate    | 1        |
| time/              |          |
|    episodes        | 444      |
|    fps             | 42       |
|    time_elapsed    | 6335     |
|    total_timesteps | 270984   |
| train/             |          |
|    actor_loss      | -315     |
|    critic_loss     | 0.654    |
|    ent_coef        | 0.0219   |
|    ent_coef_loss   | -0.172   |
|    learning_rate   | 0.0003   |
|    n_updates       | 265976   |
---------------------------------
---------------------------------
| rollout/           |          |
|    success_rate    | 1        |
| time/              |          |
|    episodes        | 448      |
|    fps             | 43       |
|    time_elapsed    | 6372     |
|    total_timesteps | 274432   |
| train/             |          |
|    actor_loss      | -310     |
|    critic_loss     | 0.951    |
|    ent_coef        | 0.0212   |
|    ent_coef_loss   | -0.305   |
|    learning_rate   | 0.0003   |
|    n_updates       | 269424   |
---------------------------------
---------------------------------
| rollout/           |          |
|    success_rate    | 1        |
| time/              |          |
|    episodes        | 452      |
|    fps             | 43       |
|    time_elapsed    | 6389     |
|    total_timesteps | 275936   |
| train/             |          |
|    actor_loss      | -313     |
|    critic_loss     | 0.798    |
|    ent_coef        | 0.0213   |
|    ent_coef_loss   | -0.199   |
|    learning_rate   | 0.0003   |
|    n_updates       | 270928   |
---------------------------------
---------------------------------
| rollout/           |          |
|    success_rate    | 1        |
| time/              |          |
|    episodes        | 456      |
|    fps             | 43       |
|    time_elapsed    | 6413     |
|    total_timesteps | 278320   |
| train/             |          |
|    actor_loss      | -317     |
|    critic_loss     | 0.95     |
|    ent_coef        | 0.021    |
|    ent_coef_loss   | -0.273   |
|    learning_rate   | 0.0003   |
|    n_updates       | 273312   |
---------------------------------
---------------------------------
| rollout/           |          |
|    success_rate    | 1        |
| time/              |          |
|    episodes        | 460      |
|    fps             | 43       |
|    time_elapsed    | 6422     |
|    total_timesteps | 279360   |
| train/             |          |
|    actor_loss      | -313     |
|    critic_loss     | 0.9      |
|    ent_coef        | 0.0208   |
|    ent_coef_loss   | 0.243    |
|    learning_rate   | 0.0003   |
|    n_updates       | 274352   |
---------------------------------
---------------------------------
| rollout/           |          |
|    success_rate    | 1        |
| time/              |          |
|    episodes        | 464      |
|    fps             | 43       |
|    time_elapsed    | 6463     |
|    total_timesteps | 283552   |
| train/             |          |
|    actor_loss      | -308     |
|    critic_loss     | 0.811    |
|    ent_coef        | 0.0205   |
|    ent_coef_loss   | 0.184    |
|    learning_rate   | 0.0003   |
|    n_updates       | 278544   |
---------------------------------
---------------------------------
| rollout/           |          |
|    success_rate    | 1        |
| time/              |          |
|    episodes        | 468      |
|    fps             | 43       |
|    time_elapsed    | 6467     |
|    total_timesteps | 283944   |
| train/             |          |
|    actor_loss      | -314     |
|    critic_loss     | 0.713    |
|    ent_coef        | 0.02     |
|    ent_coef_loss   | 0.0202   |
|    learning_rate   | 0.0003   |
|    n_updates       | 278936   |
---------------------------------
---------------------------------
| rollout/           |          |
|    success_rate    | 1        |
| time/              |          |
|    episodes        | 472      |
|    fps             | 44       |
|    time_elapsed    | 6491     |
|    total_timesteps | 286304   |
| train/             |          |
|    actor_loss      | -313     |
|    critic_loss     | 0.815    |
|    ent_coef        | 0.0205   |
|    ent_coef_loss   | -0.383   |
|    learning_rate   | 0.0003   |
|    n_updates       | 281296   |
---------------------------------
---------------------------------
| rollout/           |          |
|    success_rate    | 1        |
| time/              |          |
|    episodes        | 476      |
|    fps             | 44       |
|    time_elapsed    | 6522     |
|    total_timesteps | 289336   |
| train/             |          |
|    actor_loss      | -312     |
|    critic_loss     | 0.749    |
|    ent_coef        | 0.0198   |
|    ent_coef_loss   | 0.592    |
|    learning_rate   | 0.0003   |
|    n_updates       | 284328   |
---------------------------------
---------------------------------
| rollout/           |          |
|    success_rate    | 1        |
| time/              |          |
|    episodes        | 480      |
|    fps             | 44       |
|    time_elapsed    | 6544     |
|    total_timesteps | 291312   |
| train/             |          |
|    actor_loss      | -312     |
|    critic_loss     | 0.95     |
|    ent_coef        | 0.0198   |
|    ent_coef_loss   | 0.739    |
|    learning_rate   | 0.0003   |
|    n_updates       | 286304   |
---------------------------------
---------------------------------
| rollout/           |          |
|    success_rate    | 1        |
| time/              |          |
|    episodes        | 484      |
|    fps             | 44       |
|    time_elapsed    | 6574     |
|    total_timesteps | 294472   |
| train/             |          |
|    actor_loss      | -312     |
|    critic_loss     | 1.06     |
|    ent_coef        | 0.0191   |
|    ent_coef_loss   | -0.354   |
|    learning_rate   | 0.0003   |
|    n_updates       | 289464   |
---------------------------------
---------------------------------
| rollout/           |          |
|    success_rate    | 1        |
| time/              |          |
|    episodes        | 488      |
|    fps             | 44       |
|    time_elapsed    | 6593     |
|    total_timesteps | 296464   |
| train/             |          |
|    actor_loss      | -315     |
|    critic_loss     | 0.598    |
|    ent_coef        | 0.019    |
|    ent_coef_loss   | 0.0422   |
|    learning_rate   | 0.0003   |
|    n_updates       | 291456   |
---------------------------------
---------------------------------
| rollout/           |          |
|    success_rate    | 1        |
| time/              |          |
|    episodes        | 492      |
|    fps             | 45       |
|    time_elapsed    | 6608     |
|    total_timesteps | 297992   |
| train/             |          |
|    actor_loss      | -315     |
|    critic_loss     | 0.592    |
|    ent_coef        | 0.0188   |
|    ent_coef_loss   | 0.276    |
|    learning_rate   | 0.0003   |
|    n_updates       | 292984   |
---------------------------------
---------------------------------
| rollout/           |          |
|    success_rate    | 1        |
| time/              |          |
|    episodes        | 496      |
|    fps             | 42       |
|    time_elapsed    | 6994     |
|    total_timesteps | 300384   |
| train/             |          |
|    actor_loss      | -313     |
|    critic_loss     | 1        |
|    ent_coef        | 0.0183   |
|    ent_coef_loss   | 0.963    |
|    learning_rate   | 0.0003   |
|    n_updates       | 295376   |
---------------------------------
---------------------------------
| rollout/           |          |
|    success_rate    | 1        |
| time/              |          |
|    episodes        | 500      |
|    fps             | 43       |
|    time_elapsed    | 7018     |
|    total_timesteps | 302760   |
| train/             |          |
|    actor_loss      | -317     |
|    critic_loss     | 0.646    |
|    ent_coef        | 0.0184   |
|    ent_coef_loss   | -0.0621  |
|    learning_rate   | 0.0003   |
|    n_updates       | 297752   |
---------------------------------
---------------------------------
| rollout/           |          |
|    success_rate    | 1        |
| time/              |          |
|    episodes        | 504      |
|    fps             | 43       |
|    time_elapsed    | 7029     |
|    total_timesteps | 303800   |
| train/             |          |
|    actor_loss      | -313     |
|    critic_loss     | 1.07     |
|    ent_coef        | 0.0188   |
|    ent_coef_loss   | -0.0231  |
|    learning_rate   | 0.0003   |
|    n_updates       | 298792   |
---------------------------------
---------------------------------
| rollout/           |          |
|    success_rate    | 1        |
| time/              |          |
|    episodes        | 508      |
|    fps             | 43       |
|    time_elapsed    | 7049     |
|    total_timesteps | 305864   |
| train/             |          |
|    actor_loss      | -313     |
|    critic_loss     | 0.636    |
|    ent_coef        | 0.0185   |
|    ent_coef_loss   | 0.305    |
|    learning_rate   | 0.0003   |
|    n_updates       | 300856   |
---------------------------------
---------------------------------
| rollout/           |          |
|    success_rate    | 1        |
| time/              |          |
|    episodes        | 512      |
|    fps             | 43       |
|    time_elapsed    | 7061     |
|    total_timesteps | 306920   |
| train/             |          |
|    actor_loss      | -317     |
|    critic_loss     | 0.639    |
|    ent_coef        | 0.0179   |
|    ent_coef_loss   | -0.482   |
|    learning_rate   | 0.0003   |
|    n_updates       | 301912   |
---------------------------------
---------------------------------
| rollout/           |          |
|    success_rate    | 1        |
| time/              |          |
|    episodes        | 516      |
|    fps             | 43       |
|    time_elapsed    | 7081     |
|    total_timesteps | 308904   |
| train/             |          |
|    actor_loss      | -314     |
|    critic_loss     | 0.801    |
|    ent_coef        | 0.0183   |
|    ent_coef_loss   | 0.546    |
|    learning_rate   | 0.0003   |
|    n_updates       | 303896   |
---------------------------------
---------------------------------
| rollout/           |          |
|    success_rate    | 1        |
| time/              |          |
|    episodes        | 520      |
|    fps             | 43       |
|    time_elapsed    | 7115     |
|    total_timesteps | 312160   |
| train/             |          |
|    actor_loss      | -314     |
|    critic_loss     | 0.62     |
|    ent_coef        | 0.0185   |
|    ent_coef_loss   | -0.301   |
|    learning_rate   | 0.0003   |
|    n_updates       | 307152   |
---------------------------------
---------------------------------
| rollout/           |          |
|    success_rate    | 1        |
| time/              |          |
|    episodes        | 524      |
|    fps             | 44       |
|    time_elapsed    | 7140     |
|    total_timesteps | 314528   |
| train/             |          |
|    actor_loss      | -313     |
|    critic_loss     | 0.639    |
|    ent_coef        | 0.0177   |
|    ent_coef_loss   | -0.212   |
|    learning_rate   | 0.0003   |
|    n_updates       | 309520   |
---------------------------------
---------------------------------
| rollout/           |          |
|    success_rate    | 1        |
| time/              |          |
|    episodes        | 528      |
|    fps             | 44       |
|    time_elapsed    | 7156     |
|    total_timesteps | 316120   |
| train/             |          |
|    actor_loss      | -310     |
|    critic_loss     | 0.961    |
|    ent_coef        | 0.0177   |
|    ent_coef_loss   | 0.336    |
|    learning_rate   | 0.0003   |
|    n_updates       | 311112   |
---------------------------------
---------------------------------
| rollout/           |          |
|    success_rate    | 1        |
| time/              |          |
|    episodes        | 532      |
|    fps             | 44       |
|    time_elapsed    | 7186     |
|    total_timesteps | 318624   |
| train/             |          |
|    actor_loss      | -312     |
|    critic_loss     | 0.748    |
|    ent_coef        | 0.0172   |
|    ent_coef_loss   | 0.663    |
|    learning_rate   | 0.0003   |
|    n_updates       | 313616   |
---------------------------------
---------------------------------
| rollout/           |          |
|    success_rate    | 1        |
| time/              |          |
|    episodes        | 536      |
|    fps             | 44       |
|    time_elapsed    | 7204     |
|    total_timesteps | 320512   |
| train/             |          |
|    actor_loss      | -313     |
|    critic_loss     | 1.59     |
|    ent_coef        | 0.0176   |
|    ent_coef_loss   | -0.237   |
|    learning_rate   | 0.0003   |
|    n_updates       | 315504   |
---------------------------------
---------------------------------
| rollout/           |          |
|    success_rate    | 1        |
| time/              |          |
|    episodes        | 540      |
|    fps             | 44       |
|    time_elapsed    | 7217     |
|    total_timesteps | 321816   |
| train/             |          |
|    actor_loss      | -314     |
|    critic_loss     | 0.566    |
|    ent_coef        | 0.0173   |
|    ent_coef_loss   | -0.423   |
|    learning_rate   | 0.0003   |
|    n_updates       | 316808   |
---------------------------------
---------------------------------
| rollout/           |          |
|    success_rate    | 1        |
| time/              |          |
|    episodes        | 544      |
|    fps             | 44       |
|    time_elapsed    | 7247     |
|    total_timesteps | 324488   |
| train/             |          |
|    actor_loss      | -311     |
|    critic_loss     | 0.744    |
|    ent_coef        | 0.0167   |
|    ent_coef_loss   | 0.577    |
|    learning_rate   | 0.0003   |
|    n_updates       | 319480   |
---------------------------------
---------------------------------
| rollout/           |          |
|    success_rate    | 1        |
| time/              |          |
|    episodes        | 548      |
|    fps             | 44       |
|    time_elapsed    | 7269     |
|    total_timesteps | 326456   |
| train/             |          |
|    actor_loss      | -319     |
|    critic_loss     | 0.614    |
|    ent_coef        | 0.0175   |
|    ent_coef_loss   | -0.324   |
|    learning_rate   | 0.0003   |
|    n_updates       | 321448   |
---------------------------------
---------------------------------
| rollout/           |          |
|    success_rate    | 1        |
| time/              |          |
|    episodes        | 552      |
|    fps             | 45       |
|    time_elapsed    | 7295     |
|    total_timesteps | 329152   |
| train/             |          |
|    actor_loss      | -314     |
|    critic_loss     | 0.685    |
|    ent_coef        | 0.0171   |
|    ent_coef_loss   | 0.341    |
|    learning_rate   | 0.0003   |
|    n_updates       | 324144   |
---------------------------------
---------------------------------
| rollout/           |          |
|    success_rate    | 1        |
| time/              |          |
|    episodes        | 556      |
|    fps             | 45       |
|    time_elapsed    | 7308     |
|    total_timesteps | 330144   |
| train/             |          |
|    actor_loss      | -315     |
|    critic_loss     | 0.631    |
|    ent_coef        | 0.0171   |
|    ent_coef_loss   | -0.799   |
|    learning_rate   | 0.0003   |
|    n_updates       | 325136   |
---------------------------------
---------------------------------
| rollout/           |          |
|    success_rate    | 1        |
| time/              |          |
|    episodes        | 560      |
|    fps             | 45       |
|    time_elapsed    | 7329     |
|    total_timesteps | 331952   |
| train/             |          |
|    actor_loss      | -314     |
|    critic_loss     | 0.835    |
|    ent_coef        | 0.0176   |
|    ent_coef_loss   | -0.353   |
|    learning_rate   | 0.0003   |
|    n_updates       | 326944   |
---------------------------------
---------------------------------
| rollout/           |          |
|    success_rate    | 1        |
| time/              |          |
|    episodes        | 564      |
|    fps             | 45       |
|    time_elapsed    | 7365     |
|    total_timesteps | 335112   |
| train/             |          |
|    actor_loss      | -315     |
|    critic_loss     | 0.795    |
|    ent_coef        | 0.0175   |
|    ent_coef_loss   | -0.64    |
|    learning_rate   | 0.0003   |
|    n_updates       | 330104   |
---------------------------------
---------------------------------
| rollout/           |          |
|    success_rate    | 1        |
| time/              |          |
|    episodes        | 568      |
|    fps             | 45       |
|    time_elapsed    | 7368     |
|    total_timesteps | 335392   |
| train/             |          |
|    actor_loss      | -320     |
|    critic_loss     | 0.812    |
|    ent_coef        | 0.0173   |
|    ent_coef_loss   | -0.405   |
|    learning_rate   | 0.0003   |
|    n_updates       | 330384   |
---------------------------------
---------------------------------
| rollout/           |          |
|    success_rate    | 1        |
| time/              |          |
|    episodes        | 572      |
|    fps             | 45       |
|    time_elapsed    | 7412     |
|    total_timesteps | 339376   |
| train/             |          |
|    actor_loss      | -316     |
|    critic_loss     | 0.673    |
|    ent_coef        | 0.0171   |
|    ent_coef_loss   | -0.188   |
|    learning_rate   | 0.0003   |
|    n_updates       | 334368   |
---------------------------------
---------------------------------
| rollout/           |          |
|    success_rate    | 1        |
| time/              |          |
|    episodes        | 576      |
|    fps             | 45       |
|    time_elapsed    | 7419     |
|    total_timesteps | 339936   |
| train/             |          |
|    actor_loss      | -317     |
|    critic_loss     | 0.722    |
|    ent_coef        | 0.0171   |
|    ent_coef_loss   | -0.187   |
|    learning_rate   | 0.0003   |
|    n_updates       | 334928   |
---------------------------------
---------------------------------
| rollout/           |          |
|    success_rate    | 1        |
| time/              |          |
|    episodes        | 580      |
|    fps             | 46       |
|    time_elapsed    | 7458     |
|    total_timesteps | 343336   |
| train/             |          |
|    actor_loss      | -322     |
|    critic_loss     | 0.528    |
|    ent_coef        | 0.0167   |
|    ent_coef_loss   | -0.118   |
|    learning_rate   | 0.0003   |
|    n_updates       | 338328   |
---------------------------------
---------------------------------
| rollout/           |          |
|    success_rate    | 1        |
| time/              |          |
|    episodes        | 584      |
|    fps             | 46       |
|    time_elapsed    | 7484     |
|    total_timesteps | 345576   |
| train/             |          |
|    actor_loss      | -313     |
|    critic_loss     | 0.577    |
|    ent_coef        | 0.0165   |
|    ent_coef_loss   | -0.574   |
|    learning_rate   | 0.0003   |
|    n_updates       | 340568   |
---------------------------------
---------------------------------
| rollout/           |          |
|    success_rate    | 1        |
| time/              |          |
|    episodes        | 588      |
|    fps             | 46       |
|    time_elapsed    | 7499     |
|    total_timesteps | 346912   |
| train/             |          |
|    actor_loss      | -317     |
|    critic_loss     | 0.652    |
|    ent_coef        | 0.0167   |
|    ent_coef_loss   | -0.313   |
|    learning_rate   | 0.0003   |
|    n_updates       | 341904   |
---------------------------------
---------------------------------
| rollout/           |          |
|    success_rate    | 1        |
| time/              |          |
|    episodes        | 592      |
|    fps             | 46       |
|    time_elapsed    | 7523     |
|    total_timesteps | 348968   |
| train/             |          |
|    actor_loss      | -317     |
|    critic_loss     | 0.554    |
|    ent_coef        | 0.0162   |
|    ent_coef_loss   | 0.518    |
|    learning_rate   | 0.0003   |
|    n_updates       | 343960   |
---------------------------------
---------------------------------
| rollout/           |          |
|    success_rate    | 1        |
| time/              |          |
|    episodes        | 596      |
|    fps             | 46       |
|    time_elapsed    | 7535     |
|    total_timesteps | 349824   |
| train/             |          |
|    actor_loss      | -316     |
|    critic_loss     | 0.595    |
|    ent_coef        | 0.0162   |
|    ent_coef_loss   | -0.451   |
|    learning_rate   | 0.0003   |
|    n_updates       | 344816   |
---------------------------------
---------------------------------
| rollout/           |          |
|    success_rate    | 1        |
| time/              |          |
|    episodes        | 600      |
|    fps             | 44       |
|    time_elapsed    | 7913     |
|    total_timesteps | 351520   |
| train/             |          |
|    actor_loss      | -315     |
|    critic_loss     | 0.531    |
|    ent_coef        | 0.0161   |
|    ent_coef_loss   | -0.609   |
|    learning_rate   | 0.0003   |
|    n_updates       | 346512   |
---------------------------------
---------------------------------
| rollout/           |          |
|    success_rate    | 1        |
| time/              |          |
|    episodes        | 604      |
|    fps             | 44       |
|    time_elapsed    | 7949     |
|    total_timesteps | 354936   |
| train/             |          |
|    actor_loss      | -319     |
|    critic_loss     | 0.768    |
|    ent_coef        | 0.0164   |
|    ent_coef_loss   | -0.168   |
|    learning_rate   | 0.0003   |
|    n_updates       | 349928   |
---------------------------------
---------------------------------
| rollout/           |          |
|    success_rate    | 1        |
| time/              |          |
|    episodes        | 608      |
|    fps             | 44       |
|    time_elapsed    | 7967     |
|    total_timesteps | 356552   |
| train/             |          |
|    actor_loss      | -315     |
|    critic_loss     | 0.609    |
|    ent_coef        | 0.0166   |
|    ent_coef_loss   | -0.192   |
|    learning_rate   | 0.0003   |
|    n_updates       | 351544   |
---------------------------------
---------------------------------
| rollout/           |          |
|    success_rate    | 1        |
| time/              |          |
|    episodes        | 612      |
|    fps             | 44       |
|    time_elapsed    | 7994     |
|    total_timesteps | 359200   |
| train/             |          |
|    actor_loss      | -316     |
|    critic_loss     | 0.567    |
|    ent_coef        | 0.0165   |
|    ent_coef_loss   | -0.199   |
|    learning_rate   | 0.0003   |
|    n_updates       | 354192   |
---------------------------------
---------------------------------
| rollout/           |          |
|    success_rate    | 1        |
| time/              |          |
|    episodes        | 616      |
|    fps             | 45       |
|    time_elapsed    | 8020     |
|    total_timesteps | 361696   |
| train/             |          |
|    actor_loss      | -319     |
|    critic_loss     | 0.611    |
|    ent_coef        | 0.0169   |
|    ent_coef_loss   | -0.409   |
|    learning_rate   | 0.0003   |
|    n_updates       | 356688   |
---------------------------------
---------------------------------
| rollout/           |          |
|    success_rate    | 1        |
| time/              |          |
|    episodes        | 620      |
|    fps             | 45       |
|    time_elapsed    | 8037     |
|    total_timesteps | 363136   |
| train/             |          |
|    actor_loss      | -317     |
|    critic_loss     | 0.461    |
|    ent_coef        | 0.0166   |
|    ent_coef_loss   | 0.399    |
|    learning_rate   | 0.0003   |
|    n_updates       | 358128   |
---------------------------------
---------------------------------
| rollout/           |          |
|    success_rate    | 1        |
| time/              |          |
|    episodes        | 624      |
|    fps             | 45       |
|    time_elapsed    | 8057     |
|    total_timesteps | 364920   |
| train/             |          |
|    actor_loss      | -311     |
|    critic_loss     | 0.537    |
|    ent_coef        | 0.0167   |
|    ent_coef_loss   | 1.21     |
|    learning_rate   | 0.0003   |
|    n_updates       | 359912   |
---------------------------------
---------------------------------
| rollout/           |          |
|    success_rate    | 1        |
| time/              |          |
|    episodes        | 628      |
|    fps             | 45       |
|    time_elapsed    | 8071     |
|    total_timesteps | 365960   |
| train/             |          |
|    actor_loss      | -315     |
|    critic_loss     | 0.565    |
|    ent_coef        | 0.0171   |
|    ent_coef_loss   | -0.134   |
|    learning_rate   | 0.0003   |
|    n_updates       | 360952   |
---------------------------------
---------------------------------
| rollout/           |          |
|    success_rate    | 1        |
| time/              |          |
|    episodes        | 632      |
|    fps             | 45       |
|    time_elapsed    | 8099     |
|    total_timesteps | 368368   |
| train/             |          |
|    actor_loss      | -320     |
|    critic_loss     | 0.946    |
|    ent_coef        | 0.0168   |
|    ent_coef_loss   | 0.0491   |
|    learning_rate   | 0.0003   |
|    n_updates       | 363360   |
---------------------------------
---------------------------------
| rollout/           |          |
|    success_rate    | 1        |
| time/              |          |
|    episodes        | 636      |
|    fps             | 45       |
|    time_elapsed    | 8113     |
|    total_timesteps | 369712   |
| train/             |          |
|    actor_loss      | -318     |
|    critic_loss     | 0.552    |
|    ent_coef        | 0.0167   |
|    ent_coef_loss   | -0.0215  |
|    learning_rate   | 0.0003   |
|    n_updates       | 364704   |
---------------------------------
---------------------------------
| rollout/           |          |
|    success_rate    | 1        |
| time/              |          |
|    episodes        | 640      |
|    fps             | 45       |
|    time_elapsed    | 8129     |
|    total_timesteps | 371120   |
| train/             |          |
|    actor_loss      | -313     |
|    critic_loss     | 0.541    |
|    ent_coef        | 0.0167   |
|    ent_coef_loss   | -0.0666  |
|    learning_rate   | 0.0003   |
|    n_updates       | 366112   |
---------------------------------
---------------------------------
| rollout/           |          |
|    success_rate    | 1        |
| time/              |          |
|    episodes        | 644      |
|    fps             | 45       |
|    time_elapsed    | 8162     |
|    total_timesteps | 374144   |
| train/             |          |
|    actor_loss      | -318     |
|    critic_loss     | 0.563    |
|    ent_coef        | 0.0166   |
|    ent_coef_loss   | -0.346   |
|    learning_rate   | 0.0003   |
|    n_updates       | 369136   |
---------------------------------
---------------------------------
| rollout/           |          |
|    success_rate    | 1        |
| time/              |          |
|    episodes        | 648      |
|    fps             | 45       |
|    time_elapsed    | 8186     |
|    total_timesteps | 376464   |
| train/             |          |
|    actor_loss      | -319     |
|    critic_loss     | 0.799    |
|    ent_coef        | 0.0168   |
|    ent_coef_loss   | 1.13     |
|    learning_rate   | 0.0003   |
|    n_updates       | 371456   |
---------------------------------
---------------------------------
| rollout/           |          |
|    success_rate    | 1        |
| time/              |          |
|    episodes        | 652      |
|    fps             | 46       |
|    time_elapsed    | 8202     |
|    total_timesteps | 378152   |
| train/             |          |
|    actor_loss      | -321     |
|    critic_loss     | 0.509    |
|    ent_coef        | 0.0162   |
|    ent_coef_loss   | 0.569    |
|    learning_rate   | 0.0003   |
|    n_updates       | 373144   |
---------------------------------
---------------------------------
| rollout/           |          |
|    success_rate    | 1        |
| time/              |          |
|    episodes        | 656      |
|    fps             | 46       |
|    time_elapsed    | 8224     |
|    total_timesteps | 379976   |
| train/             |          |
|    actor_loss      | -319     |
|    critic_loss     | 0.616    |
|    ent_coef        | 0.0163   |
|    ent_coef_loss   | 0.402    |
|    learning_rate   | 0.0003   |
|    n_updates       | 374968   |
---------------------------------
---------------------------------
| rollout/           |          |
|    success_rate    | 1        |
| time/              |          |
|    episodes        | 660      |
|    fps             | 46       |
|    time_elapsed    | 8249     |
|    total_timesteps | 382352   |
| train/             |          |
|    actor_loss      | -318     |
|    critic_loss     | 0.843    |
|    ent_coef        | 0.0159   |
|    ent_coef_loss   | -0.06    |
|    learning_rate   | 0.0003   |
|    n_updates       | 377344   |
---------------------------------
---------------------------------
| rollout/           |          |
|    success_rate    | 1        |
| time/              |          |
|    episodes        | 664      |
|    fps             | 46       |
|    time_elapsed    | 8258     |
|    total_timesteps | 383312   |
| train/             |          |
|    actor_loss      | -316     |
|    critic_loss     | 0.5      |
|    ent_coef        | 0.0158   |
|    ent_coef_loss   | 0.107    |
|    learning_rate   | 0.0003   |
|    n_updates       | 378304   |
---------------------------------
---------------------------------
| rollout/           |          |
|    success_rate    | 1        |
| time/              |          |
|    episodes        | 668      |
|    fps             | 46       |
|    time_elapsed    | 8275     |
|    total_timesteps | 384824   |
| train/             |          |
|    actor_loss      | -320     |
|    critic_loss     | 0.547    |
|    ent_coef        | 0.0155   |
|    ent_coef_loss   | -0.0451  |
|    learning_rate   | 0.0003   |
|    n_updates       | 379816   |
---------------------------------
---------------------------------
| rollout/           |          |
|    success_rate    | 1        |
| time/              |          |
|    episodes        | 672      |
|    fps             | 46       |
|    time_elapsed    | 8300     |
|    total_timesteps | 386960   |
| train/             |          |
|    actor_loss      | -312     |
|    critic_loss     | 0.773    |
|    ent_coef        | 0.0157   |
|    ent_coef_loss   | 0.396    |
|    learning_rate   | 0.0003   |
|    n_updates       | 381952   |
---------------------------------
---------------------------------
| rollout/           |          |
|    success_rate    | 1        |
| time/              |          |
|    episodes        | 676      |
|    fps             | 46       |
|    time_elapsed    | 8322     |
|    total_timesteps | 389088   |
| train/             |          |
|    actor_loss      | -322     |
|    critic_loss     | 0.623    |
|    ent_coef        | 0.0148   |
|    ent_coef_loss   | -0.359   |
|    learning_rate   | 0.0003   |
|    n_updates       | 384080   |
---------------------------------
---------------------------------
| rollout/           |          |
|    success_rate    | 1        |
| time/              |          |
|    episodes        | 680      |
|    fps             | 46       |
|    time_elapsed    | 8347     |
|    total_timesteps | 391552   |
| train/             |          |
|    actor_loss      | -320     |
|    critic_loss     | 0.732    |
|    ent_coef        | 0.0146   |
|    ent_coef_loss   | 0.523    |
|    learning_rate   | 0.0003   |
|    n_updates       | 386544   |
---------------------------------
---------------------------------
| rollout/           |          |
|    success_rate    | 1        |
| time/              |          |
|    episodes        | 684      |
|    fps             | 47       |
|    time_elapsed    | 8378     |
|    total_timesteps | 394152   |
| train/             |          |
|    actor_loss      | -322     |
|    critic_loss     | 0.631    |
|    ent_coef        | 0.0151   |
|    ent_coef_loss   | -0.0111  |
|    learning_rate   | 0.0003   |
|    n_updates       | 389144   |
---------------------------------
---------------------------------
| rollout/           |          |
|    success_rate    | 1        |
| time/              |          |
|    episodes        | 688      |
|    fps             | 47       |
|    time_elapsed    | 8405     |
|    total_timesteps | 396592   |
| train/             |          |
|    actor_loss      | -320     |
|    critic_loss     | 0.567    |
|    ent_coef        | 0.0149   |
|    ent_coef_loss   | -0.246   |
|    learning_rate   | 0.0003   |
|    n_updates       | 391584   |
---------------------------------
---------------------------------
| rollout/           |          |
|    success_rate    | 1        |
| time/              |          |
|    episodes        | 692      |
|    fps             | 47       |
|    time_elapsed    | 8422     |
|    total_timesteps | 398232   |
| train/             |          |
|    actor_loss      | -318     |
|    critic_loss     | 0.655    |
|    ent_coef        | 0.0153   |
|    ent_coef_loss   | -0.212   |
|    learning_rate   | 0.0003   |
|    n_updates       | 393224   |
---------------------------------
---------------------------------
| rollout/           |          |
|    success_rate    | 1        |
| time/              |          |
|    episodes        | 696      |
|    fps             | 45       |
|    time_elapsed    | 8811     |
|    total_timesteps | 401304   |
| train/             |          |
|    actor_loss      | -318     |
|    critic_loss     | 0.659    |
|    ent_coef        | 0.0146   |
|    ent_coef_loss   | 0.345    |
|    learning_rate   | 0.0003   |
|    n_updates       | 396296   |
---------------------------------
---------------------------------
| rollout/           |          |
|    success_rate    | 1        |
| time/              |          |
|    episodes        | 700      |
|    fps             | 45       |
|    time_elapsed    | 8833     |
|    total_timesteps | 402984   |
| train/             |          |
|    actor_loss      | -321     |
|    critic_loss     | 0.552    |
|    ent_coef        | 0.0147   |
|    ent_coef_loss   | 0.348    |
|    learning_rate   | 0.0003   |
|    n_updates       | 397976   |
---------------------------------
---------------------------------
| rollout/           |          |
|    success_rate    | 1        |
| time/              |          |
|    episodes        | 704      |
|    fps             | 45       |
|    time_elapsed    | 8865     |
|    total_timesteps | 405760   |
| train/             |          |
|    actor_loss      | -313     |
|    critic_loss     | 0.657    |
|    ent_coef        | 0.0147   |
|    ent_coef_loss   | 0.736    |
|    learning_rate   | 0.0003   |
|    n_updates       | 400752   |
---------------------------------
---------------------------------
| rollout/           |          |
|    success_rate    | 1        |
| time/              |          |
|    episodes        | 708      |
|    fps             | 45       |
|    time_elapsed    | 8879     |
|    total_timesteps | 407112   |
| train/             |          |
|    actor_loss      | -320     |
|    critic_loss     | 0.689    |
|    ent_coef        | 0.0144   |
|    ent_coef_loss   | -0.0845  |
|    learning_rate   | 0.0003   |
|    n_updates       | 402104   |
---------------------------------
---------------------------------
| rollout/           |          |
|    success_rate    | 1        |
| time/              |          |
|    episodes        | 712      |
|    fps             | 45       |
|    time_elapsed    | 8897     |
|    total_timesteps | 408712   |
| train/             |          |
|    actor_loss      | -313     |
|    critic_loss     | 0.551    |
|    ent_coef        | 0.0152   |
|    ent_coef_loss   | 0.237    |
|    learning_rate   | 0.0003   |
|    n_updates       | 403704   |
---------------------------------
---------------------------------
| rollout/           |          |
|    success_rate    | 1        |
| time/              |          |
|    episodes        | 716      |
|    fps             | 46       |
|    time_elapsed    | 8930     |
|    total_timesteps | 411576   |
| train/             |          |
|    actor_loss      | -322     |
|    critic_loss     | 0.433    |
|    ent_coef        | 0.0146   |
|    ent_coef_loss   | -0.0236  |
|    learning_rate   | 0.0003   |
|    n_updates       | 406568   |
---------------------------------
---------------------------------
| rollout/           |          |
|    success_rate    | 1        |
| time/              |          |
|    episodes        | 720      |
|    fps             | 46       |
|    time_elapsed    | 8946     |
|    total_timesteps | 412952   |
| train/             |          |
|    actor_loss      | -320     |
|    critic_loss     | 0.738    |
|    ent_coef        | 0.015    |
|    ent_coef_loss   | -0.296   |
|    learning_rate   | 0.0003   |
|    n_updates       | 407944   |
---------------------------------
---------------------------------
| rollout/           |          |
|    success_rate    | 1        |
| time/              |          |
|    episodes        | 724      |
|    fps             | 46       |
|    time_elapsed    | 8983     |
|    total_timesteps | 416456   |
| train/             |          |
|    actor_loss      | -318     |
|    critic_loss     | 0.379    |
|    ent_coef        | 0.0148   |
|    ent_coef_loss   | 0.171    |
|    learning_rate   | 0.0003   |
|    n_updates       | 411448   |
---------------------------------
---------------------------------
| rollout/           |          |
|    success_rate    | 1        |
| time/              |          |
|    episodes        | 728      |
|    fps             | 46       |
|    time_elapsed    | 9005     |
|    total_timesteps | 418392   |
| train/             |          |
|    actor_loss      | -323     |
|    critic_loss     | 0.416    |
|    ent_coef        | 0.0149   |
|    ent_coef_loss   | 0.0218   |
|    learning_rate   | 0.0003   |
|    n_updates       | 413384   |
---------------------------------
---------------------------------
| rollout/           |          |
|    success_rate    | 1        |
| time/              |          |
|    episodes        | 732      |
|    fps             | 46       |
|    time_elapsed    | 9028     |
|    total_timesteps | 420552   |
| train/             |          |
|    actor_loss      | -320     |
|    critic_loss     | 0.48     |
|    ent_coef        | 0.0148   |
|    ent_coef_loss   | -0.304   |
|    learning_rate   | 0.0003   |
|    n_updates       | 415544   |
---------------------------------
---------------------------------
| rollout/           |          |
|    success_rate    | 1        |
| time/              |          |
|    episodes        | 736      |
|    fps             | 46       |
|    time_elapsed    | 9048     |
|    total_timesteps | 422176   |
| train/             |          |
|    actor_loss      | -322     |
|    critic_loss     | 0.472    |
|    ent_coef        | 0.0146   |
|    ent_coef_loss   | -0.351   |
|    learning_rate   | 0.0003   |
|    n_updates       | 417168   |
---------------------------------
---------------------------------
| rollout/           |          |
|    success_rate    | 1        |
| time/              |          |
|    episodes        | 740      |
|    fps             | 46       |
|    time_elapsed    | 9092     |
|    total_timesteps | 426184   |
| train/             |          |
|    actor_loss      | -323     |
|    critic_loss     | 0.411    |
|    ent_coef        | 0.0147   |
|    ent_coef_loss   | -0.245   |
|    learning_rate   | 0.0003   |
|    n_updates       | 421176   |
---------------------------------
---------------------------------
| rollout/           |          |
|    success_rate    | 1        |
| time/              |          |
|    episodes        | 744      |
|    fps             | 46       |
|    time_elapsed    | 9108     |
|    total_timesteps | 427464   |
| train/             |          |
|    actor_loss      | -323     |
|    critic_loss     | 0.454    |
|    ent_coef        | 0.0147   |
|    ent_coef_loss   | -0.828   |
|    learning_rate   | 0.0003   |
|    n_updates       | 422456   |
---------------------------------
---------------------------------
| rollout/           |          |
|    success_rate    | 1        |
| time/              |          |
|    episodes        | 748      |
|    fps             | 47       |
|    time_elapsed    | 9148     |
|    total_timesteps | 430928   |
| train/             |          |
|    actor_loss      | -322     |
|    critic_loss     | 0.433    |
|    ent_coef        | 0.0148   |
|    ent_coef_loss   | -0.276   |
|    learning_rate   | 0.0003   |
|    n_updates       | 425920   |
---------------------------------
---------------------------------
| rollout/           |          |
|    success_rate    | 1        |
| time/              |          |
|    episodes        | 752      |
|    fps             | 47       |
|    time_elapsed    | 9161     |
|    total_timesteps | 431976   |
| train/             |          |
|    actor_loss      | -323     |
|    critic_loss     | 0.676    |
|    ent_coef        | 0.0145   |
|    ent_coef_loss   | 0.787    |
|    learning_rate   | 0.0003   |
|    n_updates       | 426968   |
---------------------------------
---------------------------------
| rollout/           |          |
|    success_rate    | 1        |
| time/              |          |
|    episodes        | 756      |
|    fps             | 47       |
|    time_elapsed    | 9180     |
|    total_timesteps | 433704   |
| train/             |          |
|    actor_loss      | -323     |
|    critic_loss     | 0.434    |
|    ent_coef        | 0.0146   |
|    ent_coef_loss   | 0.0128   |
|    learning_rate   | 0.0003   |
|    n_updates       | 428696   |
---------------------------------
---------------------------------
| rollout/           |          |
|    success_rate    | 1        |
| time/              |          |
|    episodes        | 760      |
|    fps             | 47       |
|    time_elapsed    | 9200     |
|    total_timesteps | 435640   |
| train/             |          |
|    actor_loss      | -316     |
|    critic_loss     | 0.635    |
|    ent_coef        | 0.0144   |
|    ent_coef_loss   | -0.226   |
|    learning_rate   | 0.0003   |
|    n_updates       | 430632   |
---------------------------------
---------------------------------
| rollout/           |          |
|    success_rate    | 1        |
| time/              |          |
|    episodes        | 764      |
|    fps             | 47       |
|    time_elapsed    | 9221     |
|    total_timesteps | 437680   |
| train/             |          |
|    actor_loss      | -324     |
|    critic_loss     | 0.46     |
|    ent_coef        | 0.0143   |
|    ent_coef_loss   | 0.479    |
|    learning_rate   | 0.0003   |
|    n_updates       | 432672   |
---------------------------------
---------------------------------
| rollout/           |          |
|    success_rate    | 1        |
| time/              |          |
|    episodes        | 768      |
|    fps             | 47       |
|    time_elapsed    | 9263     |
|    total_timesteps | 441752   |
| train/             |          |
|    actor_loss      | -322     |
|    critic_loss     | 0.434    |
|    ent_coef        | 0.0138   |
|    ent_coef_loss   | 0.0712   |
|    learning_rate   | 0.0003   |
|    n_updates       | 436744   |
---------------------------------
---------------------------------
| rollout/           |          |
|    success_rate    | 1        |
| time/              |          |
|    episodes        | 772      |
|    fps             | 47       |
|    time_elapsed    | 9283     |
|    total_timesteps | 443464   |
| train/             |          |
|    actor_loss      | -321     |
|    critic_loss     | 0.469    |
|    ent_coef        | 0.0138   |
|    ent_coef_loss   | 0.364    |
|    learning_rate   | 0.0003   |
|    n_updates       | 438456   |
---------------------------------
---------------------------------
| rollout/           |          |
|    success_rate    | 1        |
| time/              |          |
|    episodes        | 776      |
|    fps             | 47       |
|    time_elapsed    | 9300     |
|    total_timesteps | 445112   |
| train/             |          |
|    actor_loss      | -324     |
|    critic_loss     | 0.719    |
|    ent_coef        | 0.0139   |
|    ent_coef_loss   | -0.0378  |
|    learning_rate   | 0.0003   |
|    n_updates       | 440104   |
---------------------------------
---------------------------------
| rollout/           |          |
|    success_rate    | 1        |
| time/              |          |
|    episodes        | 780      |
|    fps             | 47       |
|    time_elapsed    | 9315     |
|    total_timesteps | 446520   |
| train/             |          |
|    actor_loss      | -321     |
|    critic_loss     | 0.501    |
|    ent_coef        | 0.0137   |
|    ent_coef_loss   | 0.354    |
|    learning_rate   | 0.0003   |
|    n_updates       | 441512   |
---------------------------------
---------------------------------
| rollout/           |          |
|    success_rate    | 1        |
| time/              |          |
|    episodes        | 784      |
|    fps             | 48       |
|    time_elapsed    | 9338     |
|    total_timesteps | 448704   |
| train/             |          |
|    actor_loss      | -319     |
|    critic_loss     | 0.527    |
|    ent_coef        | 0.0137   |
|    ent_coef_loss   | 0.879    |
|    learning_rate   | 0.0003   |
|    n_updates       | 443696   |
---------------------------------
---------------------------------
| rollout/           |          |
|    success_rate    | 1        |
| time/              |          |
|    episodes        | 788      |
|    fps             | 46       |
|    time_elapsed    | 9704     |
|    total_timesteps | 450136   |
| train/             |          |
|    actor_loss      | -321     |
|    critic_loss     | 0.426    |
|    ent_coef        | 0.0135   |
|    ent_coef_loss   | -0.458   |
|    learning_rate   | 0.0003   |
|    n_updates       | 445128   |
---------------------------------
---------------------------------
| rollout/           |          |
|    success_rate    | 1        |
| time/              |          |
|    episodes        | 792      |
|    fps             | 46       |
|    time_elapsed    | 9737     |
|    total_timesteps | 452792   |
| train/             |          |
|    actor_loss      | -320     |
|    critic_loss     | 0.657    |
|    ent_coef        | 0.0137   |
|    ent_coef_loss   | 0.557    |
|    learning_rate   | 0.0003   |
|    n_updates       | 447784   |
---------------------------------
---------------------------------
| rollout/           |          |
|    success_rate    | 1        |
| time/              |          |
|    episodes        | 796      |
|    fps             | 46       |
|    time_elapsed    | 9756     |
|    total_timesteps | 454312   |
| train/             |          |
|    actor_loss      | -325     |
|    critic_loss     | 0.601    |
|    ent_coef        | 0.0135   |
|    ent_coef_loss   | -0.146   |
|    learning_rate   | 0.0003   |
|    n_updates       | 449304   |
---------------------------------
---------------------------------
| rollout/           |          |
|    success_rate    | 1        |
| time/              |          |
|    episodes        | 800      |
|    fps             | 46       |
|    time_elapsed    | 9776     |
|    total_timesteps | 455880   |
| train/             |          |
|    actor_loss      | -323     |
|    critic_loss     | 0.488    |
|    ent_coef        | 0.0134   |
|    ent_coef_loss   | -0.621   |
|    learning_rate   | 0.0003   |
|    n_updates       | 450872   |
---------------------------------
---------------------------------
| rollout/           |          |
|    success_rate    | 1        |
| time/              |          |
|    episodes        | 804      |
|    fps             | 46       |
|    time_elapsed    | 9797     |
|    total_timesteps | 457888   |
| train/             |          |
|    actor_loss      | -322     |
|    critic_loss     | 0.65     |
|    ent_coef        | 0.0132   |
|    ent_coef_loss   | 0.402    |
|    learning_rate   | 0.0003   |
|    n_updates       | 452880   |
---------------------------------
---------------------------------
| rollout/           |          |
|    success_rate    | 1        |
| time/              |          |
|    episodes        | 808      |
|    fps             | 46       |
|    time_elapsed    | 9819     |
|    total_timesteps | 459976   |
| train/             |          |
|    actor_loss      | -324     |
|    critic_loss     | 0.623    |
|    ent_coef        | 0.013    |
|    ent_coef_loss   | 0.466    |
|    learning_rate   | 0.0003   |
|    n_updates       | 454968   |
---------------------------------
---------------------------------
| rollout/           |          |
|    success_rate    | 1        |
| time/              |          |
|    episodes        | 812      |
|    fps             | 46       |
|    time_elapsed    | 9834     |
|    total_timesteps | 461328   |
| train/             |          |
|    actor_loss      | -324     |
|    critic_loss     | 0.529    |
|    ent_coef        | 0.0129   |
|    ent_coef_loss   | 0.662    |
|    learning_rate   | 0.0003   |
|    n_updates       | 456320   |
---------------------------------
---------------------------------
| rollout/           |          |
|    success_rate    | 1        |
| time/              |          |
|    episodes        | 816      |
|    fps             | 47       |
|    time_elapsed    | 9858     |
|    total_timesteps | 463496   |
| train/             |          |
|    actor_loss      | -322     |
|    critic_loss     | 0.436    |
|    ent_coef        | 0.0128   |
|    ent_coef_loss   | -0.911   |
|    learning_rate   | 0.0003   |
|    n_updates       | 458488   |
---------------------------------
---------------------------------
| rollout/           |          |
|    success_rate    | 1        |
| time/              |          |
|    episodes        | 820      |
|    fps             | 47       |
|    time_elapsed    | 9874     |
|    total_timesteps | 464944   |
| train/             |          |
|    actor_loss      | -320     |
|    critic_loss     | 0.57     |
|    ent_coef        | 0.013    |
|    ent_coef_loss   | -0.0829  |
|    learning_rate   | 0.0003   |
|    n_updates       | 459936   |
---------------------------------
---------------------------------
| rollout/           |          |
|    success_rate    | 1        |
| time/              |          |
|    episodes        | 824      |
|    fps             | 47       |
|    time_elapsed    | 9898     |
|    total_timesteps | 466824   |
| train/             |          |
|    actor_loss      | -327     |
|    critic_loss     | 0.47     |
|    ent_coef        | 0.0128   |
|    ent_coef_loss   | -0.718   |
|    learning_rate   | 0.0003   |
|    n_updates       | 461816   |
---------------------------------
---------------------------------
| rollout/           |          |
|    success_rate    | 1        |
| time/              |          |
|    episodes        | 828      |
|    fps             | 47       |
|    time_elapsed    | 9929     |
|    total_timesteps | 469640   |
| train/             |          |
|    actor_loss      | -319     |
|    critic_loss     | 0.559    |
|    ent_coef        | 0.013    |
|    ent_coef_loss   | -0.387   |
|    learning_rate   | 0.0003   |
|    n_updates       | 464632   |
---------------------------------
---------------------------------
| rollout/           |          |
|    success_rate    | 1        |
| time/              |          |
|    episodes        | 832      |
|    fps             | 47       |
|    time_elapsed    | 9964     |
|    total_timesteps | 472896   |
| train/             |          |
|    actor_loss      | -323     |
|    critic_loss     | 0.467    |
|    ent_coef        | 0.0133   |
|    ent_coef_loss   | 0.892    |
|    learning_rate   | 0.0003   |
|    n_updates       | 467888   |
---------------------------------
---------------------------------
| rollout/           |          |
|    success_rate    | 1        |
| time/              |          |
|    episodes        | 836      |
|    fps             | 47       |
|    time_elapsed    | 9981     |
|    total_timesteps | 474520   |
| train/             |          |
|    actor_loss      | -322     |
|    critic_loss     | 0.384    |
|    ent_coef        | 0.0137   |
|    ent_coef_loss   | 1.06     |
|    learning_rate   | 0.0003   |
|    n_updates       | 469512   |
---------------------------------
---------------------------------
| rollout/           |          |
|    success_rate    | 1        |
| time/              |          |
|    episodes        | 840      |
|    fps             | 47       |
|    time_elapsed    | 10015    |
|    total_timesteps | 477592   |
| train/             |          |
|    actor_loss      | -321     |
|    critic_loss     | 0.909    |
|    ent_coef        | 0.0134   |
|    ent_coef_loss   | 0.653    |
|    learning_rate   | 0.0003   |
|    n_updates       | 472584   |
---------------------------------
---------------------------------
| rollout/           |          |
|    success_rate    | 1        |
| time/              |          |
|    episodes        | 844      |
|    fps             | 47       |
|    time_elapsed    | 10042    |
|    total_timesteps | 479912   |
| train/             |          |
|    actor_loss      | -324     |
|    critic_loss     | 0.843    |
|    ent_coef        | 0.0135   |
|    ent_coef_loss   | -0.285   |
|    learning_rate   | 0.0003   |
|    n_updates       | 474904   |
---------------------------------
---------------------------------
| rollout/           |          |
|    success_rate    | 1        |
| time/              |          |
|    episodes        | 848      |
|    fps             | 47       |
|    time_elapsed    | 10062    |
|    total_timesteps | 481808   |
| train/             |          |
|    actor_loss      | -323     |
|    critic_loss     | 0.515    |
|    ent_coef        | 0.0129   |
|    ent_coef_loss   | -0.824   |
|    learning_rate   | 0.0003   |
|    n_updates       | 476800   |
---------------------------------
---------------------------------
| rollout/           |          |
|    success_rate    | 1        |
| time/              |          |
|    episodes        | 852      |
|    fps             | 47       |
|    time_elapsed    | 10084    |
|    total_timesteps | 483792   |
| train/             |          |
|    actor_loss      | -322     |
|    critic_loss     | 0.562    |
|    ent_coef        | 0.0129   |
|    ent_coef_loss   | 0.0239   |
|    learning_rate   | 0.0003   |
|    n_updates       | 478784   |
---------------------------------
---------------------------------
| rollout/           |          |
|    success_rate    | 1        |
| time/              |          |
|    episodes        | 856      |
|    fps             | 48       |
|    time_elapsed    | 10105    |
|    total_timesteps | 485744   |
| train/             |          |
|    actor_loss      | -326     |
|    critic_loss     | 0.437    |
|    ent_coef        | 0.0129   |
|    ent_coef_loss   | 0.0527   |
|    learning_rate   | 0.0003   |
|    n_updates       | 480736   |
---------------------------------
---------------------------------
| rollout/           |          |
|    success_rate    | 1        |
| time/              |          |
|    episodes        | 860      |
|    fps             | 48       |
|    time_elapsed    | 10129    |
|    total_timesteps | 488128   |
| train/             |          |
|    actor_loss      | -322     |
|    critic_loss     | 0.542    |
|    ent_coef        | 0.0129   |
|    ent_coef_loss   | 0.582    |
|    learning_rate   | 0.0003   |
|    n_updates       | 483120   |
---------------------------------
---------------------------------
| rollout/           |          |
|    success_rate    | 1        |
| time/              |          |
|    episodes        | 864      |
|    fps             | 48       |
|    time_elapsed    | 10150    |
|    total_timesteps | 490080   |
| train/             |          |
|    actor_loss      | -327     |
|    critic_loss     | 0.632    |
|    ent_coef        | 0.013    |
|    ent_coef_loss   | -0.444   |
|    learning_rate   | 0.0003   |
|    n_updates       | 485072   |
---------------------------------
---------------------------------
| rollout/           |          |
|    success_rate    | 1        |
| time/              |          |
|    episodes        | 868      |
|    fps             | 48       |
|    time_elapsed    | 10178    |
|    total_timesteps | 492232   |
| train/             |          |
|    actor_loss      | -324     |
|    critic_loss     | 0.544    |
|    ent_coef        | 0.0131   |
|    ent_coef_loss   | 0.749    |
|    learning_rate   | 0.0003   |
|    n_updates       | 487224   |
---------------------------------
---------------------------------
| rollout/           |          |
|    success_rate    | 1        |
| time/              |          |
|    episodes        | 872      |
|    fps             | 48       |
|    time_elapsed    | 10196    |
|    total_timesteps | 493944   |
| train/             |          |
|    actor_loss      | -322     |
|    critic_loss     | 0.456    |
|    ent_coef        | 0.0132   |
|    ent_coef_loss   | 0.559    |
|    learning_rate   | 0.0003   |
|    n_updates       | 488936   |
---------------------------------
---------------------------------
| rollout/           |          |
|    success_rate    | 1        |
| time/              |          |
|    episodes        | 876      |
|    fps             | 48       |
|    time_elapsed    | 10217    |
|    total_timesteps | 495960   |
| train/             |          |
|    actor_loss      | -328     |
|    critic_loss     | 0.435    |
|    ent_coef        | 0.0131   |
|    ent_coef_loss   | 0.186    |
|    learning_rate   | 0.0003   |
|    n_updates       | 490952   |
---------------------------------
